{
  "metadata": {
    "collection_date": "2026-01-31T21:24:27.984709",
    "total_repositories": 1,
    "total_commits_collected": 60,
    "repositories_processed": [
      "MohammedYaseenRon/COHERENCE-25_CodeWizard_AIML"
    ],
    "filters_applied": {
      "date_from": null,
      "date_to": null,
      "authors": [],
      "teams": []
    }
  },
  "overall_statistics": {
    "total_commits": 60,
    "unique_authors": 5,
    "unique_teams": 1,
    "total_additions": 59203,
    "total_deletions": 24770,
    "total_files_changed": 475
  },
  "repository_statistics": [
    {
      "repository": "MohammedYaseenRon/COHERENCE-25_CodeWizard_AIML",
      "total_commits": 60,
      "total_additions": 59203,
      "total_deletions": 24770,
      "total_files_changed": 475,
      "unique_authors": 5,
      "date_range": {
        "start": "2025-03-28T09:17:21+00:00",
        "end": "2025-06-13T08:52:09+00:00"
      },
      "teams_involved": [
        "unassigned"
      ]
    }
  ]
}