{
  "metadata": {
    "collection_date": "2026-01-31T21:21:50.871049",
    "total_repositories": 1,
    "total_commits_collected": 53,
    "repositories_processed": [
      "ShaileshAgrawal07/COHERENCE-25_Blockchain"
    ],
    "filters_applied": {
      "date_from": null,
      "date_to": null,
      "authors": [],
      "teams": []
    }
  },
  "overall_statistics": {
    "total_commits": 53,
    "unique_authors": 3,
    "unique_teams": 1,
    "total_additions": 58955,
    "total_deletions": 29160,
    "total_files_changed": 546
  },
  "repository_statistics": [
    {
      "repository": "ShaileshAgrawal07/COHERENCE-25_Blockchain",
      "total_commits": 53,
      "total_additions": 58955,
      "total_deletions": 29160,
      "total_files_changed": 546,
      "unique_authors": 3,
      "date_range": {
        "start": "2025-03-28T09:37:52+00:00",
        "end": "2025-05-30T07:39:30+00:00"
      },
      "teams_involved": [
        "unassigned"
      ]
    }
  ]
}