{
  "metadata": {
    "collection_date": "2026-01-31T21:24:44.366289",
    "total_repositories": 1,
    "total_commits_collected": 9,
    "repositories_processed": [
      "anish4463/COHERENCE-25_TeamAlliance_AIML"
    ],
    "filters_applied": {
      "date_from": null,
      "date_to": null,
      "authors": [],
      "teams": []
    }
  },
  "overall_statistics": {
    "total_commits": 9,
    "unique_authors": 1,
    "unique_teams": 1,
    "total_additions": 45434,
    "total_deletions": 535,
    "total_files_changed": 82
  },
  "repository_statistics": [
    {
      "repository": "anish4463/COHERENCE-25_TeamAlliance_AIML",
      "total_commits": 9,
      "total_additions": 45434,
      "total_deletions": 535,
      "total_files_changed": 82,
      "unique_authors": 1,
      "date_range": {
        "start": "2025-03-28T10:44:25+00:00",
        "end": "2025-03-29T07:16:45+00:00"
      },
      "teams_involved": [
        "unassigned"
      ]
    }
  ]
}