{
  "metadata": {
    "collection_date": "2026-01-31T21:25:36.068243",
    "total_repositories": 1,
    "total_commits_collected": 2,
    "repositories_processed": [
      "swarup1606/COHERENCE-25_Buri-Buri-Jaimons_AIML"
    ],
    "filters_applied": {
      "date_from": null,
      "date_to": null,
      "authors": [],
      "teams": []
    }
  },
  "overall_statistics": {
    "total_commits": 2,
    "unique_authors": 1,
    "unique_teams": 1,
    "total_additions": 11991,
    "total_deletions": 1,
    "total_files_changed": 45
  },
  "repository_statistics": [
    {
      "repository": "swarup1606/COHERENCE-25_Buri-Buri-Jaimons_AIML",
      "total_commits": 2,
      "total_additions": 11991,
      "total_deletions": 1,
      "total_files_changed": 45,
      "unique_authors": 1,
      "date_range": {
        "start": "2025-03-28T23:51:27+00:00",
        "end": "2025-03-28T23:53:29+00:00"
      },
      "teams_involved": [
        "unassigned"
      ]
    }
  ]
}