{
  "metadata": {
    "collection_date": "2026-01-31T21:26:09.232736",
    "total_repositories": 1,
    "total_commits_collected": 7,
    "repositories_processed": [
      "vaishnavi-gaikwad1709/COHERENCE-25_A-PS-V_Blockchain"
    ],
    "filters_applied": {
      "date_from": null,
      "date_to": null,
      "authors": [],
      "teams": []
    }
  },
  "overall_statistics": {
    "total_commits": 7,
    "unique_authors": 1,
    "unique_teams": 1,
    "total_additions": 7436,
    "total_deletions": 1,
    "total_files_changed": 24
  },
  "repository_statistics": [
    {
      "repository": "vaishnavi-gaikwad1709/COHERENCE-25_A-PS-V_Blockchain",
      "total_commits": 7,
      "total_additions": 7436,
      "total_deletions": 1,
      "total_files_changed": 24,
      "unique_authors": 1,
      "date_range": {
        "start": "2025-03-28T11:10:48+00:00",
        "end": "2025-03-28T11:32:21+00:00"
      },
      "teams_involved": [
        "unassigned"
      ]
    }
  ]
}