{
  "metadata": {
    "collection_date": "2026-01-31T21:18:16.004622",
    "total_repositories": 1,
    "total_commits_collected": 22,
    "repositories_processed": [
      "Saumya10a/COHERENCE-25_TechNinja_WEB-APP"
    ],
    "filters_applied": {
      "date_from": null,
      "date_to": null,
      "authors": [],
      "teams": []
    }
  },
  "overall_statistics": {
    "total_commits": 22,
    "unique_authors": 4,
    "unique_teams": 1,
    "total_additions": 23656,
    "total_deletions": 424,
    "total_files_changed": 106
  },
  "repository_statistics": [
    {
      "repository": "Saumya10a/COHERENCE-25_TechNinja_WEB-APP",
      "total_commits": 22,
      "total_additions": 23656,
      "total_deletions": 424,
      "total_files_changed": 106,
      "unique_authors": 4,
      "date_range": {
        "start": "2025-03-28T10:22:41+00:00",
        "end": "2025-03-29T10:02:52+00:00"
      },
      "teams_involved": [
        "unassigned"
      ]
    }
  ]
}