{
  "metadata": {
    "collection_date": "2026-01-31T21:22:07.522401",
    "total_repositories": 1,
    "total_commits_collected": 4,
    "repositories_processed": [
      "Jayom5797/COHERENCE-25_ByteCode_Web"
    ],
    "filters_applied": {
      "date_from": null,
      "date_to": null,
      "authors": [],
      "teams": []
    }
  },
  "overall_statistics": {
    "total_commits": 4,
    "unique_authors": 2,
    "unique_teams": 1,
    "total_additions": 49552,
    "total_deletions": 90,
    "total_files_changed": 208
  },
  "repository_statistics": [
    {
      "repository": "Jayom5797/COHERENCE-25_ByteCode_Web",
      "total_commits": 4,
      "total_additions": 49552,
      "total_deletions": 90,
      "total_files_changed": 208,
      "unique_authors": 2,
      "date_range": {
        "start": "2025-03-29T05:04:47+00:00",
        "end": "2025-07-27T05:01:13+00:00"
      },
      "teams_involved": [
        "unassigned"
      ]
    }
  ]
}