{
  "metadata": {
    "collection_date": "2026-01-31T21:22:46.986285",
    "total_repositories": 1,
    "total_commits_collected": 24,
    "repositories_processed": [
      "VivekkumarChauhan/COHERENCE-25_Interpretrs_web-app"
    ],
    "filters_applied": {
      "date_from": null,
      "date_to": null,
      "authors": [],
      "teams": []
    }
  },
  "overall_statistics": {
    "total_commits": 24,
    "unique_authors": 1,
    "unique_teams": 1,
    "total_additions": 12133,
    "total_deletions": 152,
    "total_files_changed": 305
  },
  "repository_statistics": [
    {
      "repository": "VivekkumarChauhan/COHERENCE-25_Interpretrs_web-app",
      "total_commits": 24,
      "total_additions": 12133,
      "total_deletions": 152,
      "total_files_changed": 305,
      "unique_authors": 1,
      "date_range": {
        "start": "2025-03-28T11:33:37+00:00",
        "end": "2025-03-29T07:14:36+00:00"
      },
      "teams_involved": [
        "unassigned"
      ]
    }
  ]
}