{
  "metadata": {
    "collection_date": "2026-01-31T21:25:08.924131",
    "total_repositories": 1,
    "total_commits_collected": 8,
    "repositories_processed": [
      "Swayam29082004/COHERENCE-25_CODEDOT_AI-ML"
    ],
    "filters_applied": {
      "date_from": null,
      "date_to": null,
      "authors": [],
      "teams": []
    }
  },
  "overall_statistics": {
    "total_commits": 8,
    "unique_authors": 1,
    "unique_teams": 1,
    "total_additions": 23019,
    "total_deletions": 15,
    "total_files_changed": 153
  },
  "repository_statistics": [
    {
      "repository": "Swayam29082004/COHERENCE-25_CODEDOT_AI-ML",
      "total_commits": 8,
      "total_additions": 23019,
      "total_deletions": 15,
      "total_files_changed": 153,
      "unique_authors": 1,
      "date_range": {
        "start": "2025-03-28T10:49:49+00:00",
        "end": "2025-03-29T07:12:21+00:00"
      },
      "teams_involved": [
        "unassigned"
      ]
    }
  ]
}