{
  "metadata": {
    "collection_date": "2026-01-31T21:26:16.170280",
    "total_repositories": 1,
    "total_commits_collected": 3,
    "repositories_processed": [
      "akarekar27/COHERENCE-25_BitBlitz_Web-App"
    ],
    "filters_applied": {
      "date_from": null,
      "date_to": null,
      "authors": [],
      "teams": []
    }
  },
  "overall_statistics": {
    "total_commits": 3,
    "unique_authors": 1,
    "unique_teams": 1,
    "total_additions": 1353,
    "total_deletions": 0,
    "total_files_changed": 3
  },
  "repository_statistics": [
    {
      "repository": "akarekar27/COHERENCE-25_BitBlitz_Web-App",
      "total_commits": 3,
      "total_additions": 1353,
      "total_deletions": 0,
      "total_files_changed": 3,
      "unique_authors": 1,
      "date_range": {
        "start": "2025-03-28T11:33:07+00:00",
        "end": "2025-03-29T02:38:07+00:00"
      },
      "teams_involved": [
        "unassigned"
      ]
    }
  ]
}