{
  "metadata": {
    "collection_date": "2026-01-31T21:17:41.805834",
    "total_repositories": 1,
    "total_commits_collected": 17,
    "repositories_processed": [
      "omsingh10/COHERENCE-25_ORPS_WebApp"
    ],
    "filters_applied": {
      "date_from": null,
      "date_to": null,
      "authors": [],
      "teams": []
    }
  },
  "overall_statistics": {
    "total_commits": 17,
    "unique_authors": 2,
    "unique_teams": 1,
    "total_additions": 100660,
    "total_deletions": 2881,
    "total_files_changed": 292
  },
  "repository_statistics": [
    {
      "repository": "omsingh10/COHERENCE-25_ORPS_WebApp",
      "total_commits": 17,
      "total_additions": 100660,
      "total_deletions": 2881,
      "total_files_changed": 292,
      "unique_authors": 2,
      "date_range": {
        "start": "2025-03-28T10:33:50+00:00",
        "end": "2025-04-01T17:09:55+00:00"
      },
      "teams_involved": [
        "unassigned"
      ]
    }
  ]
}