{
  "commits": [
    {
      "repository": {
        "name": "COHERENCE-25_Codeyoddha_Web",
        "owner": "AkshaySingh91",
        "url": "https://github.com/AkshaySingh91/COHERENCE-25_Codeyoddha_Web"
      },
      "commit": {
        "sha": "bb1d65ba6d3245c4b6525e490bfb93eda64637f9",
        "message": "air quality",
        "date": "2025-03-28T14:56:25+00:00",
        "url": "https://github.com/AkshaySingh91/COHERENCE-25_Codeyoddha_Web/commit/bb1d65ba6d3245c4b6525e490bfb93eda64637f9",
        "branch": "main"
      },
      "author": {
        "name": "Akshay Singh",
        "username": "AkshaySingh91",
        "email": "singhakshay8794@gmail.com",
        "team": "unassigned"
      },
      "statistics": {
        "total_additions": 1021,
        "total_deletions": 3,
        "total_changes": 1024,
        "files_changed": 19
      },
      "file_changes": [
        {
          "filename": "Backend/.env",
          "status": "modified",
          "additions": 2,
          "deletions": 1,
          "changes": 3
        },
        {
          "filename": "Backend/app.js",
          "status": "modified",
          "additions": 15,
          "deletions": 2,
          "changes": 17
        },
        {
          "filename": "Backend/node_modules/.package-lock.json",
          "status": "modified",
          "additions": 22,
          "deletions": 0,
          "changes": 22
        },
        {
          "filename": "Backend/node_modules/axios-retry/LICENSE",
          "status": "added",
          "additions": 13,
          "deletions": 0,
          "changes": 13
        },
        {
          "filename": "Backend/node_modules/axios-retry/README.md",
          "status": "added",
          "additions": 90,
          "deletions": 0,
          "changes": 90
        },
        {
          "filename": "Backend/node_modules/axios-retry/dist/cjs/index.d.ts",
          "status": "added",
          "additions": 88,
          "deletions": 0,
          "changes": 88
        },
        {
          "filename": "Backend/node_modules/axios-retry/dist/cjs/index.js",
          "status": "added",
          "additions": 239,
          "deletions": 0,
          "changes": 239
        },
        {
          "filename": "Backend/node_modules/axios-retry/dist/cjs/package.json",
          "status": "added",
          "additions": 1,
          "deletions": 0,
          "changes": 1
        },
        {
          "filename": "Backend/node_modules/axios-retry/dist/esm/index.d.ts",
          "status": "added",
          "additions": 88,
          "deletions": 0,
          "changes": 88
        },
        {
          "filename": "Backend/node_modules/axios-retry/dist/esm/index.js",
          "status": "added",
          "additions": 202,
          "deletions": 0,
          "changes": 202
        },
        {
          "filename": "Backend/node_modules/axios-retry/dist/esm/package.json",
          "status": "added",
          "additions": 1,
          "deletions": 0,
          "changes": 1
        },
        {
          "filename": "Backend/node_modules/axios-retry/package.json",
          "status": "added",
          "additions": 79,
          "deletions": 0,
          "changes": 79
        },
        {
          "filename": "Backend/node_modules/is-retry-allowed/index.d.ts",
          "status": "added",
          "additions": 22,
          "deletions": 0,
          "changes": 22
        },
        {
          "filename": "Backend/node_modules/is-retry-allowed/index.js",
          "status": "added",
          "additions": 39,
          "deletions": 0,
          "changes": 39
        },
        {
          "filename": "Backend/node_modules/is-retry-allowed/license",
          "status": "added",
          "additions": 10,
          "deletions": 0,
          "changes": 10
        },
        {
          "filename": "Backend/node_modules/is-retry-allowed/package.json",
          "status": "added",
          "additions": 40,
          "deletions": 0,
          "changes": 40
        },
        {
          "filename": "Backend/node_modules/is-retry-allowed/readme.md",
          "status": "added",
          "additions": 46,
          "deletions": 0,
          "changes": 46
        },
        {
          "filename": "Backend/package-lock.json",
          "status": "modified",
          "additions": 23,
          "deletions": 0,
          "changes": 23
        },
        {
          "filename": "Backend/package.json",
          "status": "modified",
          "additions": 1,
          "deletions": 0,
          "changes": 1
        }
      ]
    },
    {
      "repository": {
        "name": "COHERENCE-25_Codeyoddha_Web",
        "owner": "AkshaySingh91",
        "url": "https://github.com/AkshaySingh91/COHERENCE-25_Codeyoddha_Web"
      },
      "commit": {
        "sha": "a146879a06419adccd8ea9ffc78b8da7dac71024",
        "message": "Initial commit",
        "date": "2025-03-28T11:01:58+00:00",
        "url": "https://github.com/AkshaySingh91/COHERENCE-25_Codeyoddha_Web/commit/a146879a06419adccd8ea9ffc78b8da7dac71024",
        "branch": "main"
      },
      "author": {
        "name": "Akshay Singh",
        "username": "AkshaySingh91",
        "email": "singhakshay8794@gmail.com",
        "team": "unassigned"
      },
      "statistics": {
        "total_additions": 312015,
        "total_deletions": 0,
        "total_changes": 312015,
        "files_changed": 300
      },
      "file_changes": [
        {
          "filename": "Backend/.env",
          "status": "added",
          "additions": 3,
          "deletions": 0,
          "changes": 3
        },
        {
          "filename": "Backend/app.js",
          "status": "added",
          "additions": 53,
          "deletions": 0,
          "changes": 53
        },
        {
          "filename": "Backend/node_modules/.bin/mime",
          "status": "added",
          "additions": 16,
          "deletions": 0,
          "changes": 16
        },
        {
          "filename": "Backend/node_modules/.bin/mime.cmd",
          "status": "added",
          "additions": 17,
          "deletions": 0,
          "changes": 17
        },
        {
          "filename": "Backend/node_modules/.bin/mime.ps1",
          "status": "added",
          "additions": 28,
          "deletions": 0,
          "changes": 28
        },
        {
          "filename": "Backend/node_modules/.package-lock.json",
          "status": "added",
          "additions": 1101,
          "deletions": 0,
          "changes": 1101
        },
        {
          "filename": "Backend/node_modules/@mongodb-js/saslprep/LICENSE",
          "status": "added",
          "additions": 22,
          "deletions": 0,
          "changes": 22
        },
        {
          "filename": "Backend/node_modules/@mongodb-js/saslprep/dist/.esm-wrapper.mjs",
          "status": "added",
          "additions": 4,
          "deletions": 0,
          "changes": 4
        },
        {
          "filename": "Backend/node_modules/@mongodb-js/saslprep/dist/browser.d.ts",
          "status": "added",
          "additions": 5,
          "deletions": 0,
          "changes": 5
        },
        {
          "filename": "Backend/node_modules/@mongodb-js/saslprep/dist/browser.d.ts.map",
          "status": "added",
          "additions": 1,
          "deletions": 0,
          "changes": 1
        },
        {
          "filename": "Backend/node_modules/@mongodb-js/saslprep/dist/browser.js",
          "status": "added",
          "additions": 12,
          "deletions": 0,
          "changes": 12
        },
        {
          "filename": "Backend/node_modules/@mongodb-js/saslprep/dist/browser.js.map",
          "status": "added",
          "additions": 1,
          "deletions": 0,
          "changes": 1
        },
        {
          "filename": "Backend/node_modules/@mongodb-js/saslprep/dist/code-points-data-browser.d.ts",
          "status": "added",
          "additions": 4,
          "deletions": 0,
          "changes": 4
        },
        {
          "filename": "Backend/node_modules/@mongodb-js/saslprep/dist/code-points-data-browser.d.ts.map",
          "status": "added",
          "additions": 1,
          "deletions": 0,
          "changes": 1
        },
        {
          "filename": "Backend/node_modules/@mongodb-js/saslprep/dist/code-points-data-browser.js",
          "status": "added",
          "additions": 5,
          "deletions": 0,
          "changes": 5
        },
        {
          "filename": "Backend/node_modules/@mongodb-js/saslprep/dist/code-points-data-browser.js.map",
          "status": "added",
          "additions": 1,
          "deletions": 0,
          "changes": 1
        },
        {
          "filename": "Backend/node_modules/@mongodb-js/saslprep/dist/code-points-data.d.ts",
          "status": "added",
          "additions": 4,
          "deletions": 0,
          "changes": 4
        },
        {
          "filename": "Backend/node_modules/@mongodb-js/saslprep/dist/code-points-data.d.ts.map",
          "status": "added",
          "additions": 1,
          "deletions": 0,
          "changes": 1
        },
        {
          "filename": "Backend/node_modules/@mongodb-js/saslprep/dist/code-points-data.js",
          "status": "added",
          "additions": 5,
          "deletions": 0,
          "changes": 5
        },
        {
          "filename": "Backend/node_modules/@mongodb-js/saslprep/dist/code-points-data.js.map",
          "status": "added",
          "additions": 1,
          "deletions": 0,
          "changes": 1
        },
        {
          "filename": "Backend/node_modules/@mongodb-js/saslprep/dist/code-points-src.d.ts",
          "status": "added",
          "additions": 7,
          "deletions": 0,
          "changes": 7
        },
        {
          "filename": "Backend/node_modules/@mongodb-js/saslprep/dist/code-points-src.d.ts.map",
          "status": "added",
          "additions": 1,
          "deletions": 0,
          "changes": 1
        },
        {
          "filename": "Backend/node_modules/@mongodb-js/saslprep/dist/code-points-src.js",
          "status": "added",
          "additions": 881,
          "deletions": 0,
          "changes": 881
        },
        {
          "filename": "Backend/node_modules/@mongodb-js/saslprep/dist/code-points-src.js.map",
          "status": "added",
          "additions": 1,
          "deletions": 0,
          "changes": 1
        },
        {
          "filename": "Backend/node_modules/@mongodb-js/saslprep/dist/generate-code-points.d.ts",
          "status": "added",
          "additions": 2,
          "deletions": 0,
          "changes": 2
        },
        {
          "filename": "Backend/node_modules/@mongodb-js/saslprep/dist/generate-code-points.d.ts.map",
          "status": "added",
          "additions": 1,
          "deletions": 0,
          "changes": 1
        },
        {
          "filename": "Backend/node_modules/@mongodb-js/saslprep/dist/generate-code-points.js",
          "status": "added",
          "additions": 73,
          "deletions": 0,
          "changes": 73
        },
        {
          "filename": "Backend/node_modules/@mongodb-js/saslprep/dist/generate-code-points.js.map",
          "status": "added",
          "additions": 1,
          "deletions": 0,
          "changes": 1
        },
        {
          "filename": "Backend/node_modules/@mongodb-js/saslprep/dist/index.d.ts",
          "status": "added",
          "additions": 11,
          "deletions": 0,
          "changes": 11
        },
        {
          "filename": "Backend/node_modules/@mongodb-js/saslprep/dist/index.d.ts.map",
          "status": "added",
          "additions": 1,
          "deletions": 0,
          "changes": 1
        },
        {
          "filename": "Backend/node_modules/@mongodb-js/saslprep/dist/index.js",
          "status": "added",
          "additions": 65,
          "deletions": 0,
          "changes": 65
        },
        {
          "filename": "Backend/node_modules/@mongodb-js/saslprep/dist/index.js.map",
          "status": "added",
          "additions": 1,
          "deletions": 0,
          "changes": 1
        },
        {
          "filename": "Backend/node_modules/@mongodb-js/saslprep/dist/memory-code-points.d.ts",
          "status": "added",
          "additions": 11,
          "deletions": 0,
          "changes": 11
        },
        {
          "filename": "Backend/node_modules/@mongodb-js/saslprep/dist/memory-code-points.d.ts.map",
          "status": "added",
          "additions": 1,
          "deletions": 0,
          "changes": 1
        },
        {
          "filename": "Backend/node_modules/@mongodb-js/saslprep/dist/memory-code-points.js",
          "status": "added",
          "additions": 33,
          "deletions": 0,
          "changes": 33
        },
        {
          "filename": "Backend/node_modules/@mongodb-js/saslprep/dist/memory-code-points.js.map",
          "status": "added",
          "additions": 1,
          "deletions": 0,
          "changes": 1
        },
        {
          "filename": "Backend/node_modules/@mongodb-js/saslprep/dist/node.d.ts",
          "status": "added",
          "additions": 10,
          "deletions": 0,
          "changes": 10
        },
        {
          "filename": "Backend/node_modules/@mongodb-js/saslprep/dist/node.d.ts.map",
          "status": "added",
          "additions": 1,
          "deletions": 0,
          "changes": 1
        },
        {
          "filename": "Backend/node_modules/@mongodb-js/saslprep/dist/node.js",
          "status": "added",
          "additions": 15,
          "deletions": 0,
          "changes": 15
        },
        {
          "filename": "Backend/node_modules/@mongodb-js/saslprep/dist/node.js.map",
          "status": "added",
          "additions": 1,
          "deletions": 0,
          "changes": 1
        },
        {
          "filename": "Backend/node_modules/@mongodb-js/saslprep/dist/util.d.ts",
          "status": "added",
          "additions": 2,
          "deletions": 0,
          "changes": 2
        },
        {
          "filename": "Backend/node_modules/@mongodb-js/saslprep/dist/util.d.ts.map",
          "status": "added",
          "additions": 1,
          "deletions": 0,
          "changes": 1
        },
        {
          "filename": "Backend/node_modules/@mongodb-js/saslprep/dist/util.js",
          "status": "added",
          "additions": 12,
          "deletions": 0,
          "changes": 12
        },
        {
          "filename": "Backend/node_modules/@mongodb-js/saslprep/dist/util.js.map",
          "status": "added",
          "additions": 1,
          "deletions": 0,
          "changes": 1
        },
        {
          "filename": "Backend/node_modules/@mongodb-js/saslprep/package.json",
          "status": "added",
          "additions": 87,
          "deletions": 0,
          "changes": 87
        },
        {
          "filename": "Backend/node_modules/@mongodb-js/saslprep/readme.md",
          "status": "added",
          "additions": 29,
          "deletions": 0,
          "changes": 29
        },
        {
          "filename": "Backend/node_modules/@types/webidl-conversions/LICENSE",
          "status": "added",
          "additions": 21,
          "deletions": 0,
          "changes": 21
        },
        {
          "filename": "Backend/node_modules/@types/webidl-conversions/README.md",
          "status": "added",
          "additions": 15,
          "deletions": 0,
          "changes": 15
        },
        {
          "filename": "Backend/node_modules/@types/webidl-conversions/index.d.ts",
          "status": "added",
          "additions": 91,
          "deletions": 0,
          "changes": 91
        },
        {
          "filename": "Backend/node_modules/@types/webidl-conversions/package.json",
          "status": "added",
          "additions": 30,
          "deletions": 0,
          "changes": 30
        },
        {
          "filename": "Backend/node_modules/@types/whatwg-url/LICENSE",
          "status": "added",
          "additions": 21,
          "deletions": 0,
          "changes": 21
        },
        {
          "filename": "Backend/node_modules/@types/whatwg-url/README.md",
          "status": "added",
          "additions": 15,
          "deletions": 0,
          "changes": 15
        },
        {
          "filename": "Backend/node_modules/@types/whatwg-url/index.d.ts",
          "status": "added",
          "additions": 169,
          "deletions": 0,
          "changes": 169
        },
        {
          "filename": "Backend/node_modules/@types/whatwg-url/lib/URL-impl.d.ts",
          "status": "added",
          "additions": 22,
          "deletions": 0,
          "changes": 22
        },
        {
          "filename": "Backend/node_modules/@types/whatwg-url/lib/URL.d.ts",
          "status": "added",
          "additions": 66,
          "deletions": 0,
          "changes": 66
        },
        {
          "filename": "Backend/node_modules/@types/whatwg-url/lib/URLSearchParams-impl.d.ts",
          "status": "added",
          "additions": 20,
          "deletions": 0,
          "changes": 20
        },
        {
          "filename": "Backend/node_modules/@types/whatwg-url/lib/URLSearchParams.d.ts",
          "status": "added",
          "additions": 92,
          "deletions": 0,
          "changes": 92
        },
        {
          "filename": "Backend/node_modules/@types/whatwg-url/package.json",
          "status": "added",
          "additions": 37,
          "deletions": 0,
          "changes": 37
        },
        {
          "filename": "Backend/node_modules/@types/whatwg-url/webidl2js-wrapper.d.ts",
          "status": "added",
          "additions": 4,
          "deletions": 0,
          "changes": 4
        },
        {
          "filename": "Backend/node_modules/accepts/HISTORY.md",
          "status": "added",
          "additions": 243,
          "deletions": 0,
          "changes": 243
        },
        {
          "filename": "Backend/node_modules/accepts/LICENSE",
          "status": "added",
          "additions": 23,
          "deletions": 0,
          "changes": 23
        },
        {
          "filename": "Backend/node_modules/accepts/README.md",
          "status": "added",
          "additions": 140,
          "deletions": 0,
          "changes": 140
        },
        {
          "filename": "Backend/node_modules/accepts/index.js",
          "status": "added",
          "additions": 238,
          "deletions": 0,
          "changes": 238
        },
        {
          "filename": "Backend/node_modules/accepts/package.json",
          "status": "added",
          "additions": 47,
          "deletions": 0,
          "changes": 47
        },
        {
          "filename": "Backend/node_modules/array-flatten/LICENSE",
          "status": "added",
          "additions": 21,
          "deletions": 0,
          "changes": 21
        },
        {
          "filename": "Backend/node_modules/array-flatten/README.md",
          "status": "added",
          "additions": 43,
          "deletions": 0,
          "changes": 43
        },
        {
          "filename": "Backend/node_modules/array-flatten/array-flatten.js",
          "status": "added",
          "additions": 64,
          "deletions": 0,
          "changes": 64
        },
        {
          "filename": "Backend/node_modules/array-flatten/package.json",
          "status": "added",
          "additions": 39,
          "deletions": 0,
          "changes": 39
        },
        {
          "filename": "Backend/node_modules/asynckit/LICENSE",
          "status": "added",
          "additions": 21,
          "deletions": 0,
          "changes": 21
        },
        {
          "filename": "Backend/node_modules/asynckit/README.md",
          "status": "added",
          "additions": 233,
          "deletions": 0,
          "changes": 233
        },
        {
          "filename": "Backend/node_modules/asynckit/bench.js",
          "status": "added",
          "additions": 76,
          "deletions": 0,
          "changes": 76
        },
        {
          "filename": "Backend/node_modules/asynckit/index.js",
          "status": "added",
          "additions": 6,
          "deletions": 0,
          "changes": 6
        },
        {
          "filename": "Backend/node_modules/asynckit/lib/abort.js",
          "status": "added",
          "additions": 29,
          "deletions": 0,
          "changes": 29
        },
        {
          "filename": "Backend/node_modules/asynckit/lib/async.js",
          "status": "added",
          "additions": 34,
          "deletions": 0,
          "changes": 34
        },
        {
          "filename": "Backend/node_modules/asynckit/lib/defer.js",
          "status": "added",
          "additions": 26,
          "deletions": 0,
          "changes": 26
        },
        {
          "filename": "Backend/node_modules/asynckit/lib/iterate.js",
          "status": "added",
          "additions": 75,
          "deletions": 0,
          "changes": 75
        },
        {
          "filename": "Backend/node_modules/asynckit/lib/readable_asynckit.js",
          "status": "added",
          "additions": 91,
          "deletions": 0,
          "changes": 91
        },
        {
          "filename": "Backend/node_modules/asynckit/lib/readable_parallel.js",
          "status": "added",
          "additions": 25,
          "deletions": 0,
          "changes": 25
        },
        {
          "filename": "Backend/node_modules/asynckit/lib/readable_serial.js",
          "status": "added",
          "additions": 25,
          "deletions": 0,
          "changes": 25
        },
        {
          "filename": "Backend/node_modules/asynckit/lib/readable_serial_ordered.js",
          "status": "added",
          "additions": 29,
          "deletions": 0,
          "changes": 29
        },
        {
          "filename": "Backend/node_modules/asynckit/lib/state.js",
          "status": "added",
          "additions": 37,
          "deletions": 0,
          "changes": 37
        },
        {
          "filename": "Backend/node_modules/asynckit/lib/streamify.js",
          "status": "added",
          "additions": 141,
          "deletions": 0,
          "changes": 141
        },
        {
          "filename": "Backend/node_modules/asynckit/lib/terminator.js",
          "status": "added",
          "additions": 29,
          "deletions": 0,
          "changes": 29
        },
        {
          "filename": "Backend/node_modules/asynckit/package.json",
          "status": "added",
          "additions": 63,
          "deletions": 0,
          "changes": 63
        },
        {
          "filename": "Backend/node_modules/asynckit/parallel.js",
          "status": "added",
          "additions": 43,
          "deletions": 0,
          "changes": 43
        },
        {
          "filename": "Backend/node_modules/asynckit/serial.js",
          "status": "added",
          "additions": 17,
          "deletions": 0,
          "changes": 17
        },
        {
          "filename": "Backend/node_modules/asynckit/serialOrdered.js",
          "status": "added",
          "additions": 75,
          "deletions": 0,
          "changes": 75
        },
        {
          "filename": "Backend/node_modules/asynckit/stream.js",
          "status": "added",
          "additions": 21,
          "deletions": 0,
          "changes": 21
        },
        {
          "filename": "Backend/node_modules/axios/CHANGELOG.md",
          "status": "added",
          "additions": 1169,
          "deletions": 0,
          "changes": 1169
        },
        {
          "filename": "Backend/node_modules/axios/LICENSE",
          "status": "added",
          "additions": 7,
          "deletions": 0,
          "changes": 7
        },
        {
          "filename": "Backend/node_modules/axios/MIGRATION_GUIDE.md",
          "status": "added",
          "additions": 3,
          "deletions": 0,
          "changes": 3
        },
        {
          "filename": "Backend/node_modules/axios/README.md",
          "status": "added",
          "additions": 1679,
          "deletions": 0,
          "changes": 1679
        },
        {
          "filename": "Backend/node_modules/axios/dist/axios.js",
          "status": "added",
          "additions": 4277,
          "deletions": 0,
          "changes": 4277
        },
        {
          "filename": "Backend/node_modules/axios/dist/axios.js.map",
          "status": "added",
          "additions": 1,
          "deletions": 0,
          "changes": 1
        },
        {
          "filename": "Backend/node_modules/axios/dist/axios.min.js",
          "status": "added",
          "additions": 3,
          "deletions": 0,
          "changes": 3
        },
        {
          "filename": "Backend/node_modules/axios/dist/axios.min.js.map",
          "status": "added",
          "additions": 1,
          "deletions": 0,
          "changes": 1
        },
        {
          "filename": "Backend/node_modules/axios/dist/browser/axios.cjs",
          "status": "added",
          "additions": 3708,
          "deletions": 0,
          "changes": 3708
        },
        {
          "filename": "Backend/node_modules/axios/dist/browser/axios.cjs.map",
          "status": "added",
          "additions": 1,
          "deletions": 0,
          "changes": 1
        },
        {
          "filename": "Backend/node_modules/axios/dist/esm/axios.js",
          "status": "added",
          "additions": 3731,
          "deletions": 0,
          "changes": 3731
        },
        {
          "filename": "Backend/node_modules/axios/dist/esm/axios.js.map",
          "status": "added",
          "additions": 1,
          "deletions": 0,
          "changes": 1
        },
        {
          "filename": "Backend/node_modules/axios/dist/esm/axios.min.js",
          "status": "added",
          "additions": 3,
          "deletions": 0,
          "changes": 3
        },
        {
          "filename": "Backend/node_modules/axios/dist/esm/axios.min.js.map",
          "status": "added",
          "additions": 1,
          "deletions": 0,
          "changes": 1
        },
        {
          "filename": "Backend/node_modules/axios/dist/node/axios.cjs",
          "status": "added",
          "additions": 4765,
          "deletions": 0,
          "changes": 4765
        },
        {
          "filename": "Backend/node_modules/axios/dist/node/axios.cjs.map",
          "status": "added",
          "additions": 1,
          "deletions": 0,
          "changes": 1
        },
        {
          "filename": "Backend/node_modules/axios/index.d.cts",
          "status": "added",
          "additions": 550,
          "deletions": 0,
          "changes": 550
        },
        {
          "filename": "Backend/node_modules/axios/index.d.ts",
          "status": "added",
          "additions": 570,
          "deletions": 0,
          "changes": 570
        },
        {
          "filename": "Backend/node_modules/axios/index.js",
          "status": "added",
          "additions": 43,
          "deletions": 0,
          "changes": 43
        },
        {
          "filename": "Backend/node_modules/axios/lib/adapters/README.md",
          "status": "added",
          "additions": 37,
          "deletions": 0,
          "changes": 37
        },
        {
          "filename": "Backend/node_modules/axios/lib/adapters/adapters.js",
          "status": "added",
          "additions": 79,
          "deletions": 0,
          "changes": 79
        },
        {
          "filename": "Backend/node_modules/axios/lib/adapters/fetch.js",
          "status": "added",
          "additions": 229,
          "deletions": 0,
          "changes": 229
        },
        {
          "filename": "Backend/node_modules/axios/lib/adapters/http.js",
          "status": "added",
          "additions": 695,
          "deletions": 0,
          "changes": 695
        },
        {
          "filename": "Backend/node_modules/axios/lib/adapters/xhr.js",
          "status": "added",
          "additions": 197,
          "deletions": 0,
          "changes": 197
        },
        {
          "filename": "Backend/node_modules/axios/lib/axios.js",
          "status": "added",
          "additions": 89,
          "deletions": 0,
          "changes": 89
        },
        {
          "filename": "Backend/node_modules/axios/lib/cancel/CancelToken.js",
          "status": "added",
          "additions": 135,
          "deletions": 0,
          "changes": 135
        },
        {
          "filename": "Backend/node_modules/axios/lib/cancel/CanceledError.js",
          "status": "added",
          "additions": 25,
          "deletions": 0,
          "changes": 25
        },
        {
          "filename": "Backend/node_modules/axios/lib/cancel/isCancel.js",
          "status": "added",
          "additions": 5,
          "deletions": 0,
          "changes": 5
        },
        {
          "filename": "Backend/node_modules/axios/lib/core/Axios.js",
          "status": "added",
          "additions": 242,
          "deletions": 0,
          "changes": 242
        },
        {
          "filename": "Backend/node_modules/axios/lib/core/AxiosError.js",
          "status": "added",
          "additions": 103,
          "deletions": 0,
          "changes": 103
        },
        {
          "filename": "Backend/node_modules/axios/lib/core/AxiosHeaders.js",
          "status": "added",
          "additions": 302,
          "deletions": 0,
          "changes": 302
        },
        {
          "filename": "Backend/node_modules/axios/lib/core/InterceptorManager.js",
          "status": "added",
          "additions": 71,
          "deletions": 0,
          "changes": 71
        },
        {
          "filename": "Backend/node_modules/axios/lib/core/README.md",
          "status": "added",
          "additions": 8,
          "deletions": 0,
          "changes": 8
        },
        {
          "filename": "Backend/node_modules/axios/lib/core/buildFullPath.js",
          "status": "added",
          "additions": 22,
          "deletions": 0,
          "changes": 22
        },
        {
          "filename": "Backend/node_modules/axios/lib/core/dispatchRequest.js",
          "status": "added",
          "additions": 81,
          "deletions": 0,
          "changes": 81
        },
        {
          "filename": "Backend/node_modules/axios/lib/core/mergeConfig.js",
          "status": "added",
          "additions": 106,
          "deletions": 0,
          "changes": 106
        },
        {
          "filename": "Backend/node_modules/axios/lib/core/settle.js",
          "status": "added",
          "additions": 27,
          "deletions": 0,
          "changes": 27
        },
        {
          "filename": "Backend/node_modules/axios/lib/core/transformData.js",
          "status": "added",
          "additions": 28,
          "deletions": 0,
          "changes": 28
        },
        {
          "filename": "Backend/node_modules/axios/lib/defaults/index.js",
          "status": "added",
          "additions": 161,
          "deletions": 0,
          "changes": 161
        },
        {
          "filename": "Backend/node_modules/axios/lib/defaults/transitional.js",
          "status": "added",
          "additions": 7,
          "deletions": 0,
          "changes": 7
        },
        {
          "filename": "Backend/node_modules/axios/lib/env/README.md",
          "status": "added",
          "additions": 3,
          "deletions": 0,
          "changes": 3
        },
        {
          "filename": "Backend/node_modules/axios/lib/env/classes/FormData.js",
          "status": "added",
          "additions": 2,
          "deletions": 0,
          "changes": 2
        },
        {
          "filename": "Backend/node_modules/axios/lib/env/data.js",
          "status": "added",
          "additions": 1,
          "deletions": 0,
          "changes": 1
        },
        {
          "filename": "Backend/node_modules/axios/lib/helpers/AxiosTransformStream.js",
          "status": "added",
          "additions": 143,
          "deletions": 0,
          "changes": 143
        },
        {
          "filename": "Backend/node_modules/axios/lib/helpers/AxiosURLSearchParams.js",
          "status": "added",
          "additions": 58,
          "deletions": 0,
          "changes": 58
        },
        {
          "filename": "Backend/node_modules/axios/lib/helpers/HttpStatusCode.js",
          "status": "added",
          "additions": 71,
          "deletions": 0,
          "changes": 71
        },
        {
          "filename": "Backend/node_modules/axios/lib/helpers/README.md",
          "status": "added",
          "additions": 7,
          "deletions": 0,
          "changes": 7
        },
        {
          "filename": "Backend/node_modules/axios/lib/helpers/ZlibHeaderTransformStream.js",
          "status": "added",
          "additions": 28,
          "deletions": 0,
          "changes": 28
        },
        {
          "filename": "Backend/node_modules/axios/lib/helpers/bind.js",
          "status": "added",
          "additions": 7,
          "deletions": 0,
          "changes": 7
        },
        {
          "filename": "Backend/node_modules/axios/lib/helpers/buildURL.js",
          "status": "added",
          "additions": 69,
          "deletions": 0,
          "changes": 69
        },
        {
          "filename": "Backend/node_modules/axios/lib/helpers/callbackify.js",
          "status": "added",
          "additions": 16,
          "deletions": 0,
          "changes": 16
        },
        {
          "filename": "Backend/node_modules/axios/lib/helpers/combineURLs.js",
          "status": "added",
          "additions": 15,
          "deletions": 0,
          "changes": 15
        },
        {
          "filename": "Backend/node_modules/axios/lib/helpers/composeSignals.js",
          "status": "added",
          "additions": 48,
          "deletions": 0,
          "changes": 48
        },
        {
          "filename": "Backend/node_modules/axios/lib/helpers/cookies.js",
          "status": "added",
          "additions": 42,
          "deletions": 0,
          "changes": 42
        },
        {
          "filename": "Backend/node_modules/axios/lib/helpers/deprecatedMethod.js",
          "status": "added",
          "additions": 26,
          "deletions": 0,
          "changes": 26
        },
        {
          "filename": "Backend/node_modules/axios/lib/helpers/formDataToJSON.js",
          "status": "added",
          "additions": 95,
          "deletions": 0,
          "changes": 95
        },
        {
          "filename": "Backend/node_modules/axios/lib/helpers/formDataToStream.js",
          "status": "added",
          "additions": 112,
          "deletions": 0,
          "changes": 112
        },
        {
          "filename": "Backend/node_modules/axios/lib/helpers/fromDataURI.js",
          "status": "added",
          "additions": 53,
          "deletions": 0,
          "changes": 53
        },
        {
          "filename": "Backend/node_modules/axios/lib/helpers/isAbsoluteURL.js",
          "status": "added",
          "additions": 15,
          "deletions": 0,
          "changes": 15
        },
        {
          "filename": "Backend/node_modules/axios/lib/helpers/isAxiosError.js",
          "status": "added",
          "additions": 14,
          "deletions": 0,
          "changes": 14
        },
        {
          "filename": "Backend/node_modules/axios/lib/helpers/isURLSameOrigin.js",
          "status": "added",
          "additions": 14,
          "deletions": 0,
          "changes": 14
        },
        {
          "filename": "Backend/node_modules/axios/lib/helpers/null.js",
          "status": "added",
          "additions": 2,
          "deletions": 0,
          "changes": 2
        },
        {
          "filename": "Backend/node_modules/axios/lib/helpers/parseHeaders.js",
          "status": "added",
          "additions": 55,
          "deletions": 0,
          "changes": 55
        },
        {
          "filename": "Backend/node_modules/axios/lib/helpers/parseProtocol.js",
          "status": "added",
          "additions": 6,
          "deletions": 0,
          "changes": 6
        },
        {
          "filename": "Backend/node_modules/axios/lib/helpers/progressEventReducer.js",
          "status": "added",
          "additions": 44,
          "deletions": 0,
          "changes": 44
        },
        {
          "filename": "Backend/node_modules/axios/lib/helpers/readBlob.js",
          "status": "added",
          "additions": 15,
          "deletions": 0,
          "changes": 15
        },
        {
          "filename": "Backend/node_modules/axios/lib/helpers/resolveConfig.js",
          "status": "added",
          "additions": 57,
          "deletions": 0,
          "changes": 57
        },
        {
          "filename": "Backend/node_modules/axios/lib/helpers/speedometer.js",
          "status": "added",
          "additions": 55,
          "deletions": 0,
          "changes": 55
        },
        {
          "filename": "Backend/node_modules/axios/lib/helpers/spread.js",
          "status": "added",
          "additions": 28,
          "deletions": 0,
          "changes": 28
        },
        {
          "filename": "Backend/node_modules/axios/lib/helpers/throttle.js",
          "status": "added",
          "additions": 44,
          "deletions": 0,
          "changes": 44
        },
        {
          "filename": "Backend/node_modules/axios/lib/helpers/toFormData.js",
          "status": "added",
          "additions": 219,
          "deletions": 0,
          "changes": 219
        },
        {
          "filename": "Backend/node_modules/axios/lib/helpers/toURLEncodedForm.js",
          "status": "added",
          "additions": 18,
          "deletions": 0,
          "changes": 18
        },
        {
          "filename": "Backend/node_modules/axios/lib/helpers/trackStream.js",
          "status": "added",
          "additions": 87,
          "deletions": 0,
          "changes": 87
        },
        {
          "filename": "Backend/node_modules/axios/lib/helpers/validator.js",
          "status": "added",
          "additions": 99,
          "deletions": 0,
          "changes": 99
        },
        {
          "filename": "Backend/node_modules/axios/lib/platform/browser/classes/Blob.js",
          "status": "added",
          "additions": 3,
          "deletions": 0,
          "changes": 3
        },
        {
          "filename": "Backend/node_modules/axios/lib/platform/browser/classes/FormData.js",
          "status": "added",
          "additions": 3,
          "deletions": 0,
          "changes": 3
        },
        {
          "filename": "Backend/node_modules/axios/lib/platform/browser/classes/URLSearchParams.js",
          "status": "added",
          "additions": 4,
          "deletions": 0,
          "changes": 4
        },
        {
          "filename": "Backend/node_modules/axios/lib/platform/browser/index.js",
          "status": "added",
          "additions": 13,
          "deletions": 0,
          "changes": 13
        },
        {
          "filename": "Backend/node_modules/axios/lib/platform/common/utils.js",
          "status": "added",
          "additions": 51,
          "deletions": 0,
          "changes": 51
        },
        {
          "filename": "Backend/node_modules/axios/lib/platform/index.js",
          "status": "added",
          "additions": 7,
          "deletions": 0,
          "changes": 7
        },
        {
          "filename": "Backend/node_modules/axios/lib/platform/node/classes/FormData.js",
          "status": "added",
          "additions": 3,
          "deletions": 0,
          "changes": 3
        },
        {
          "filename": "Backend/node_modules/axios/lib/platform/node/classes/URLSearchParams.js",
          "status": "added",
          "additions": 4,
          "deletions": 0,
          "changes": 4
        },
        {
          "filename": "Backend/node_modules/axios/lib/platform/node/index.js",
          "status": "added",
          "additions": 38,
          "deletions": 0,
          "changes": 38
        },
        {
          "filename": "Backend/node_modules/axios/lib/utils.js",
          "status": "added",
          "additions": 738,
          "deletions": 0,
          "changes": 738
        },
        {
          "filename": "Backend/node_modules/axios/package.json",
          "status": "added",
          "additions": 219,
          "deletions": 0,
          "changes": 219
        },
        {
          "filename": "Backend/node_modules/body-parser/HISTORY.md",
          "status": "added",
          "additions": 672,
          "deletions": 0,
          "changes": 672
        },
        {
          "filename": "Backend/node_modules/body-parser/LICENSE",
          "status": "added",
          "additions": 23,
          "deletions": 0,
          "changes": 23
        },
        {
          "filename": "Backend/node_modules/body-parser/README.md",
          "status": "added",
          "additions": 476,
          "deletions": 0,
          "changes": 476
        },
        {
          "filename": "Backend/node_modules/body-parser/SECURITY.md",
          "status": "added",
          "additions": 25,
          "deletions": 0,
          "changes": 25
        },
        {
          "filename": "Backend/node_modules/body-parser/index.js",
          "status": "added",
          "additions": 156,
          "deletions": 0,
          "changes": 156
        },
        {
          "filename": "Backend/node_modules/body-parser/lib/read.js",
          "status": "added",
          "additions": 205,
          "deletions": 0,
          "changes": 205
        },
        {
          "filename": "Backend/node_modules/body-parser/lib/types/json.js",
          "status": "added",
          "additions": 247,
          "deletions": 0,
          "changes": 247
        },
        {
          "filename": "Backend/node_modules/body-parser/lib/types/raw.js",
          "status": "added",
          "additions": 101,
          "deletions": 0,
          "changes": 101
        },
        {
          "filename": "Backend/node_modules/body-parser/lib/types/text.js",
          "status": "added",
          "additions": 121,
          "deletions": 0,
          "changes": 121
        },
        {
          "filename": "Backend/node_modules/body-parser/lib/types/urlencoded.js",
          "status": "added",
          "additions": 307,
          "deletions": 0,
          "changes": 307
        },
        {
          "filename": "Backend/node_modules/body-parser/package.json",
          "status": "added",
          "additions": 56,
          "deletions": 0,
          "changes": 56
        },
        {
          "filename": "Backend/node_modules/bson/LICENSE.md",
          "status": "added",
          "additions": 201,
          "deletions": 0,
          "changes": 201
        },
        {
          "filename": "Backend/node_modules/bson/README.md",
          "status": "added",
          "additions": 280,
          "deletions": 0,
          "changes": 280
        },
        {
          "filename": "Backend/node_modules/bson/bson.d.ts",
          "status": "added",
          "additions": 1723,
          "deletions": 0,
          "changes": 1723
        },
        {
          "filename": "Backend/node_modules/bson/etc/prepare.js",
          "status": "added",
          "additions": 19,
          "deletions": 0,
          "changes": 19
        },
        {
          "filename": "Backend/node_modules/bson/lib/bson.bundle.js",
          "status": "added",
          "additions": 0,
          "deletions": 0,
          "changes": 0
        },
        {
          "filename": "Backend/node_modules/bson/lib/bson.bundle.js.map",
          "status": "added",
          "additions": 1,
          "deletions": 0,
          "changes": 1
        },
        {
          "filename": "Backend/node_modules/bson/lib/bson.cjs",
          "status": "added",
          "additions": 4598,
          "deletions": 0,
          "changes": 4598
        },
        {
          "filename": "Backend/node_modules/bson/lib/bson.cjs.map",
          "status": "added",
          "additions": 1,
          "deletions": 0,
          "changes": 1
        },
        {
          "filename": "Backend/node_modules/bson/lib/bson.mjs",
          "status": "added",
          "additions": 4568,
          "deletions": 0,
          "changes": 4568
        },
        {
          "filename": "Backend/node_modules/bson/lib/bson.mjs.map",
          "status": "added",
          "additions": 1,
          "deletions": 0,
          "changes": 1
        },
        {
          "filename": "Backend/node_modules/bson/lib/bson.rn.cjs",
          "status": "added",
          "additions": 4611,
          "deletions": 0,
          "changes": 4611
        },
        {
          "filename": "Backend/node_modules/bson/lib/bson.rn.cjs.map",
          "status": "added",
          "additions": 1,
          "deletions": 0,
          "changes": 1
        },
        {
          "filename": "Backend/node_modules/bson/package.json",
          "status": "added",
          "additions": 119,
          "deletions": 0,
          "changes": 119
        },
        {
          "filename": "Backend/node_modules/bson/src/binary.ts",
          "status": "added",
          "additions": 728,
          "deletions": 0,
          "changes": 728
        },
        {
          "filename": "Backend/node_modules/bson/src/bson.ts",
          "status": "added",
          "additions": 248,
          "deletions": 0,
          "changes": 248
        },
        {
          "filename": "Backend/node_modules/bson/src/bson_value.ts",
          "status": "added",
          "additions": 32,
          "deletions": 0,
          "changes": 32
        },
        {
          "filename": "Backend/node_modules/bson/src/code.ts",
          "status": "added",
          "additions": 69,
          "deletions": 0,
          "changes": 69
        },
        {
          "filename": "Backend/node_modules/bson/src/constants.ts",
          "status": "added",
          "additions": 147,
          "deletions": 0,
          "changes": 147
        },
        {
          "filename": "Backend/node_modules/bson/src/db_ref.ts",
          "status": "added",
          "additions": 128,
          "deletions": 0,
          "changes": 128
        },
        {
          "filename": "Backend/node_modules/bson/src/decimal128.ts",
          "status": "added",
          "additions": 855,
          "deletions": 0,
          "changes": 855
        },
        {
          "filename": "Backend/node_modules/bson/src/double.ts",
          "status": "added",
          "additions": 115,
          "deletions": 0,
          "changes": 115
        },
        {
          "filename": "Backend/node_modules/bson/src/error.ts",
          "status": "added",
          "additions": 105,
          "deletions": 0,
          "changes": 105
        },
        {
          "filename": "Backend/node_modules/bson/src/extended_json.ts",
          "status": "added",
          "additions": 516,
          "deletions": 0,
          "changes": 516
        },
        {
          "filename": "Backend/node_modules/bson/src/index.ts",
          "status": "added",
          "additions": 19,
          "deletions": 0,
          "changes": 19
        },
        {
          "filename": "Backend/node_modules/bson/src/int_32.ts",
          "status": "added",
          "additions": 101,
          "deletions": 0,
          "changes": 101
        },
        {
          "filename": "Backend/node_modules/bson/src/long.ts",
          "status": "added",
          "additions": 1245,
          "deletions": 0,
          "changes": 1245
        },
        {
          "filename": "Backend/node_modules/bson/src/max_key.ts",
          "status": "added",
          "additions": 31,
          "deletions": 0,
          "changes": 31
        },
        {
          "filename": "Backend/node_modules/bson/src/min_key.ts",
          "status": "added",
          "additions": 31,
          "deletions": 0,
          "changes": 31
        },
        {
          "filename": "Backend/node_modules/bson/src/objectid.ts",
          "status": "added",
          "additions": 389,
          "deletions": 0,
          "changes": 389
        },
        {
          "filename": "Backend/node_modules/bson/src/parse_utf8.ts",
          "status": "added",
          "additions": 35,
          "deletions": 0,
          "changes": 35
        },
        {
          "filename": "Backend/node_modules/bson/src/parser/calculate_size.ts",
          "status": "added",
          "additions": 218,
          "deletions": 0,
          "changes": 218
        },
        {
          "filename": "Backend/node_modules/bson/src/parser/deserializer.ts",
          "status": "added",
          "additions": 627,
          "deletions": 0,
          "changes": 627
        },
        {
          "filename": "Backend/node_modules/bson/src/parser/on_demand/index.ts",
          "status": "added",
          "additions": 32,
          "deletions": 0,
          "changes": 32
        },
        {
          "filename": "Backend/node_modules/bson/src/parser/on_demand/parse_to_elements.ts",
          "status": "added",
          "additions": 188,
          "deletions": 0,
          "changes": 188
        },
        {
          "filename": "Backend/node_modules/bson/src/parser/serializer.ts",
          "status": "added",
          "additions": 954,
          "deletions": 0,
          "changes": 954
        },
        {
          "filename": "Backend/node_modules/bson/src/parser/utils.ts",
          "status": "added",
          "additions": 69,
          "deletions": 0,
          "changes": 69
        },
        {
          "filename": "Backend/node_modules/bson/src/regexp.ts",
          "status": "added",
          "additions": 114,
          "deletions": 0,
          "changes": 114
        },
        {
          "filename": "Backend/node_modules/bson/src/symbol.ts",
          "status": "added",
          "additions": 55,
          "deletions": 0,
          "changes": 55
        },
        {
          "filename": "Backend/node_modules/bson/src/timestamp.ts",
          "status": "added",
          "additions": 167,
          "deletions": 0,
          "changes": 167
        },
        {
          "filename": "Backend/node_modules/bson/src/utils/byte_utils.ts",
          "status": "added",
          "additions": 63,
          "deletions": 0,
          "changes": 63
        },
        {
          "filename": "Backend/node_modules/bson/src/utils/latin.ts",
          "status": "added",
          "additions": 104,
          "deletions": 0,
          "changes": 104
        },
        {
          "filename": "Backend/node_modules/bson/src/utils/node_byte_utils.ts",
          "status": "added",
          "additions": 168,
          "deletions": 0,
          "changes": 168
        },
        {
          "filename": "Backend/node_modules/bson/src/utils/number_utils.ts",
          "status": "added",
          "additions": 213,
          "deletions": 0,
          "changes": 213
        },
        {
          "filename": "Backend/node_modules/bson/src/utils/string_utils.ts",
          "status": "added",
          "additions": 44,
          "deletions": 0,
          "changes": 44
        },
        {
          "filename": "Backend/node_modules/bson/src/utils/web_byte_utils.ts",
          "status": "added",
          "additions": 216,
          "deletions": 0,
          "changes": 216
        },
        {
          "filename": "Backend/node_modules/bson/vendor/base64/LICENSE-MIT.txt",
          "status": "added",
          "additions": 20,
          "deletions": 0,
          "changes": 20
        },
        {
          "filename": "Backend/node_modules/bson/vendor/base64/README.md",
          "status": "added",
          "additions": 112,
          "deletions": 0,
          "changes": 112
        },
        {
          "filename": "Backend/node_modules/bson/vendor/base64/base64.js",
          "status": "added",
          "additions": 157,
          "deletions": 0,
          "changes": 157
        },
        {
          "filename": "Backend/node_modules/bson/vendor/base64/package.json",
          "status": "added",
          "additions": 43,
          "deletions": 0,
          "changes": 43
        },
        {
          "filename": "Backend/node_modules/bson/vendor/text-encoding/LICENSE.md",
          "status": "added",
          "additions": 237,
          "deletions": 0,
          "changes": 237
        },
        {
          "filename": "Backend/node_modules/bson/vendor/text-encoding/README.md",
          "status": "added",
          "additions": 111,
          "deletions": 0,
          "changes": 111
        },
        {
          "filename": "Backend/node_modules/bson/vendor/text-encoding/index.js",
          "status": "added",
          "additions": 9,
          "deletions": 0,
          "changes": 9
        },
        {
          "filename": "Backend/node_modules/bson/vendor/text-encoding/lib/encoding-indexes.js",
          "status": "added",
          "additions": 47,
          "deletions": 0,
          "changes": 47
        },
        {
          "filename": "Backend/node_modules/bson/vendor/text-encoding/lib/encoding.js",
          "status": "added",
          "additions": 3301,
          "deletions": 0,
          "changes": 3301
        },
        {
          "filename": "Backend/node_modules/bson/vendor/text-encoding/package.json",
          "status": "added",
          "additions": 37,
          "deletions": 0,
          "changes": 37
        },
        {
          "filename": "Backend/node_modules/bytes/History.md",
          "status": "added",
          "additions": 97,
          "deletions": 0,
          "changes": 97
        },
        {
          "filename": "Backend/node_modules/bytes/LICENSE",
          "status": "added",
          "additions": 23,
          "deletions": 0,
          "changes": 23
        },
        {
          "filename": "Backend/node_modules/bytes/Readme.md",
          "status": "added",
          "additions": 152,
          "deletions": 0,
          "changes": 152
        },
        {
          "filename": "Backend/node_modules/bytes/index.js",
          "status": "added",
          "additions": 170,
          "deletions": 0,
          "changes": 170
        },
        {
          "filename": "Backend/node_modules/bytes/package.json",
          "status": "added",
          "additions": 42,
          "deletions": 0,
          "changes": 42
        },
        {
          "filename": "Backend/node_modules/call-bind-apply-helpers/.eslintrc",
          "status": "added",
          "additions": 17,
          "deletions": 0,
          "changes": 17
        },
        {
          "filename": "Backend/node_modules/call-bind-apply-helpers/.github/FUNDING.yml",
          "status": "added",
          "additions": 12,
          "deletions": 0,
          "changes": 12
        },
        {
          "filename": "Backend/node_modules/call-bind-apply-helpers/.nycrc",
          "status": "added",
          "additions": 9,
          "deletions": 0,
          "changes": 9
        },
        {
          "filename": "Backend/node_modules/call-bind-apply-helpers/CHANGELOG.md",
          "status": "added",
          "additions": 30,
          "deletions": 0,
          "changes": 30
        },
        {
          "filename": "Backend/node_modules/call-bind-apply-helpers/LICENSE",
          "status": "added",
          "additions": 21,
          "deletions": 0,
          "changes": 21
        },
        {
          "filename": "Backend/node_modules/call-bind-apply-helpers/README.md",
          "status": "added",
          "additions": 62,
          "deletions": 0,
          "changes": 62
        },
        {
          "filename": "Backend/node_modules/call-bind-apply-helpers/actualApply.d.ts",
          "status": "added",
          "additions": 1,
          "deletions": 0,
          "changes": 1
        },
        {
          "filename": "Backend/node_modules/call-bind-apply-helpers/actualApply.js",
          "status": "added",
          "additions": 10,
          "deletions": 0,
          "changes": 10
        },
        {
          "filename": "Backend/node_modules/call-bind-apply-helpers/applyBind.d.ts",
          "status": "added",
          "additions": 19,
          "deletions": 0,
          "changes": 19
        },
        {
          "filename": "Backend/node_modules/call-bind-apply-helpers/applyBind.js",
          "status": "added",
          "additions": 10,
          "deletions": 0,
          "changes": 10
        },
        {
          "filename": "Backend/node_modules/call-bind-apply-helpers/functionApply.d.ts",
          "status": "added",
          "additions": 1,
          "deletions": 0,
          "changes": 1
        },
        {
          "filename": "Backend/node_modules/call-bind-apply-helpers/functionApply.js",
          "status": "added",
          "additions": 4,
          "deletions": 0,
          "changes": 4
        },
        {
          "filename": "Backend/node_modules/call-bind-apply-helpers/functionCall.d.ts",
          "status": "added",
          "additions": 1,
          "deletions": 0,
          "changes": 1
        },
        {
          "filename": "Backend/node_modules/call-bind-apply-helpers/functionCall.js",
          "status": "added",
          "additions": 4,
          "deletions": 0,
          "changes": 4
        },
        {
          "filename": "Backend/node_modules/call-bind-apply-helpers/index.d.ts",
          "status": "added",
          "additions": 64,
          "deletions": 0,
          "changes": 64
        },
        {
          "filename": "Backend/node_modules/call-bind-apply-helpers/index.js",
          "status": "added",
          "additions": 15,
          "deletions": 0,
          "changes": 15
        },
        {
          "filename": "Backend/node_modules/call-bind-apply-helpers/package.json",
          "status": "added",
          "additions": 85,
          "deletions": 0,
          "changes": 85
        },
        {
          "filename": "Backend/node_modules/call-bind-apply-helpers/reflectApply.d.ts",
          "status": "added",
          "additions": 3,
          "deletions": 0,
          "changes": 3
        },
        {
          "filename": "Backend/node_modules/call-bind-apply-helpers/reflectApply.js",
          "status": "added",
          "additions": 4,
          "deletions": 0,
          "changes": 4
        },
        {
          "filename": "Backend/node_modules/call-bind-apply-helpers/test/index.js",
          "status": "added",
          "additions": 63,
          "deletions": 0,
          "changes": 63
        },
        {
          "filename": "Backend/node_modules/call-bind-apply-helpers/tsconfig.json",
          "status": "added",
          "additions": 9,
          "deletions": 0,
          "changes": 9
        },
        {
          "filename": "Backend/node_modules/call-bound/.eslintrc",
          "status": "added",
          "additions": 13,
          "deletions": 0,
          "changes": 13
        },
        {
          "filename": "Backend/node_modules/call-bound/.github/FUNDING.yml",
          "status": "added",
          "additions": 12,
          "deletions": 0,
          "changes": 12
        },
        {
          "filename": "Backend/node_modules/call-bound/.nycrc",
          "status": "added",
          "additions": 9,
          "deletions": 0,
          "changes": 9
        },
        {
          "filename": "Backend/node_modules/call-bound/CHANGELOG.md",
          "status": "added",
          "additions": 42,
          "deletions": 0,
          "changes": 42
        },
        {
          "filename": "Backend/node_modules/call-bound/LICENSE",
          "status": "added",
          "additions": 21,
          "deletions": 0,
          "changes": 21
        },
        {
          "filename": "Backend/node_modules/call-bound/README.md",
          "status": "added",
          "additions": 53,
          "deletions": 0,
          "changes": 53
        },
        {
          "filename": "Backend/node_modules/call-bound/index.d.ts",
          "status": "added",
          "additions": 94,
          "deletions": 0,
          "changes": 94
        },
        {
          "filename": "Backend/node_modules/call-bound/index.js",
          "status": "added",
          "additions": 19,
          "deletions": 0,
          "changes": 19
        },
        {
          "filename": "Backend/node_modules/call-bound/package.json",
          "status": "added",
          "additions": 99,
          "deletions": 0,
          "changes": 99
        },
        {
          "filename": "Backend/node_modules/call-bound/test/index.js",
          "status": "added",
          "additions": 61,
          "deletions": 0,
          "changes": 61
        },
        {
          "filename": "Backend/node_modules/call-bound/tsconfig.json",
          "status": "added",
          "additions": 10,
          "deletions": 0,
          "changes": 10
        },
        {
          "filename": "Backend/node_modules/combined-stream/License",
          "status": "added",
          "additions": 19,
          "deletions": 0,
          "changes": 19
        },
        {
          "filename": "Backend/node_modules/combined-stream/Readme.md",
          "status": "added",
          "additions": 138,
          "deletions": 0,
          "changes": 138
        },
        {
          "filename": "Backend/node_modules/combined-stream/lib/combined_stream.js",
          "status": "added",
          "additions": 208,
          "deletions": 0,
          "changes": 208
        },
        {
          "filename": "Backend/node_modules/combined-stream/package.json",
          "status": "added",
          "additions": 25,
          "deletions": 0,
          "changes": 25
        },
        {
          "filename": "Backend/node_modules/combined-stream/yarn.lock",
          "status": "added",
          "additions": 17,
          "deletions": 0,
          "changes": 17
        },
        {
          "filename": "Backend/node_modules/content-disposition/HISTORY.md",
          "status": "added",
          "additions": 60,
          "deletions": 0,
          "changes": 60
        },
        {
          "filename": "Backend/node_modules/content-disposition/LICENSE",
          "status": "added",
          "additions": 22,
          "deletions": 0,
          "changes": 22
        },
        {
          "filename": "Backend/node_modules/content-disposition/README.md",
          "status": "added",
          "additions": 142,
          "deletions": 0,
          "changes": 142
        },
        {
          "filename": "Backend/node_modules/content-disposition/index.js",
          "status": "added",
          "additions": 458,
          "deletions": 0,
          "changes": 458
        },
        {
          "filename": "Backend/node_modules/content-disposition/package.json",
          "status": "added",
          "additions": 44,
          "deletions": 0,
          "changes": 44
        },
        {
          "filename": "Backend/node_modules/content-type/HISTORY.md",
          "status": "added",
          "additions": 29,
          "deletions": 0,
          "changes": 29
        },
        {
          "filename": "Backend/node_modules/content-type/LICENSE",
          "status": "added",
          "additions": 22,
          "deletions": 0,
          "changes": 22
        },
        {
          "filename": "Backend/node_modules/content-type/README.md",
          "status": "added",
          "additions": 94,
          "deletions": 0,
          "changes": 94
        },
        {
          "filename": "Backend/node_modules/content-type/index.js",
          "status": "added",
          "additions": 225,
          "deletions": 0,
          "changes": 225
        },
        {
          "filename": "Backend/node_modules/content-type/package.json",
          "status": "added",
          "additions": 42,
          "deletions": 0,
          "changes": 42
        },
        {
          "filename": "Backend/node_modules/cookie-signature/.npmignore",
          "status": "added",
          "additions": 4,
          "deletions": 0,
          "changes": 4
        },
        {
          "filename": "Backend/node_modules/cookie-signature/History.md",
          "status": "added",
          "additions": 38,
          "deletions": 0,
          "changes": 38
        },
        {
          "filename": "Backend/node_modules/cookie-signature/Readme.md",
          "status": "added",
          "additions": 42,
          "deletions": 0,
          "changes": 42
        },
        {
          "filename": "Backend/node_modules/cookie-signature/index.js",
          "status": "added",
          "additions": 51,
          "deletions": 0,
          "changes": 51
        },
        {
          "filename": "Backend/node_modules/cookie-signature/package.json",
          "status": "added",
          "additions": 18,
          "deletions": 0,
          "changes": 18
        },
        {
          "filename": "Backend/node_modules/cookie/LICENSE",
          "status": "added",
          "additions": 24,
          "deletions": 0,
          "changes": 24
        },
        {
          "filename": "Backend/node_modules/cookie/README.md",
          "status": "added",
          "additions": 317,
          "deletions": 0,
          "changes": 317
        },
        {
          "filename": "Backend/node_modules/cookie/SECURITY.md",
          "status": "added",
          "additions": 25,
          "deletions": 0,
          "changes": 25
        },
        {
          "filename": "Backend/node_modules/cookie/index.js",
          "status": "added",
          "additions": 334,
          "deletions": 0,
          "changes": 334
        }
      ]
    }
  ],
  "total_commits": 2,
  "metadata": {
    "collection_date": "2026-01-31T21:21:57.675037",
    "total_repositories": 1,
    "total_commits_collected": 2,
    "repositories_processed": [
      "AkshaySingh91/COHERENCE-25_Codeyoddha_Web"
    ],
    "filters_applied": {
      "date_from": null,
      "date_to": null,
      "authors": [],
      "teams": []
    }
  }
}