{
  "commits": [
    {
      "repository": {
        "name": "COHERENCE-25_ByteCode_Web",
        "owner": "Jayom5797",
        "url": "https://github.com/Jayom5797/COHERENCE-25_ByteCode_Web"
      },
      "commit": {
        "sha": "45ce87af7731bf715ab2e68a737fcfdfe2d5ba6d",
        "message": "Update README.md",
        "date": "2025-07-27T05:01:13+00:00",
        "url": "https://github.com/Jayom5797/COHERENCE-25_ByteCode_Web/commit/45ce87af7731bf715ab2e68a737fcfdfe2d5ba6d",
        "branch": "main"
      },
      "author": {
        "name": "Vikas Tiwari",
        "username": "Cyberexe1",
        "email": "vikastiwari1045@gmail.com",
        "team": "unassigned"
      },
      "statistics": {
        "total_additions": 164,
        "total_deletions": 1,
        "total_changes": 165,
        "files_changed": 1
      },
      "file_changes": [
        {
          "filename": "README.md",
          "status": "modified",
          "additions": 164,
          "deletions": 1,
          "changes": 165
        }
      ]
    },
    {
      "repository": {
        "name": "COHERENCE-25_ByteCode_Web",
        "owner": "Jayom5797",
        "url": "https://github.com/Jayom5797/COHERENCE-25_ByteCode_Web"
      },
      "commit": {
        "sha": "e799cf016b3868cbcbfd78f89c5b1dd83d2f4892",
        "message": "Add files via upload",
        "date": "2025-03-29T12:11:19+00:00",
        "url": "https://github.com/Jayom5797/COHERENCE-25_ByteCode_Web/commit/e799cf016b3868cbcbfd78f89c5b1dd83d2f4892",
        "branch": "main"
      },
      "author": {
        "name": "Utsav_Singh",
        "username": "Utsav-Singh-35",
        "email": "us101741@gmail.com",
        "team": "unassigned"
      },
      "statistics": {
        "total_additions": 0,
        "total_deletions": 0,
        "total_changes": 0,
        "files_changed": 1
      },
      "file_changes": [
        {
          "filename": "Smart-City-Dashboard.pptx",
          "status": "added",
          "additions": 0,
          "deletions": 0,
          "changes": 0
        }
      ]
    },
    {
      "repository": {
        "name": "COHERENCE-25_ByteCode_Web",
        "owner": "Jayom5797",
        "url": "https://github.com/Jayom5797/COHERENCE-25_ByteCode_Web"
      },
      "commit": {
        "sha": "20f0ce4cf66163404b94adcebd481e41a292e265",
        "message": "t13",
        "date": "2025-03-29T06:12:51+00:00",
        "url": "https://github.com/Jayom5797/COHERENCE-25_ByteCode_Web/commit/20f0ce4cf66163404b94adcebd481e41a292e265",
        "branch": "main"
      },
      "author": {
        "name": "Utsav",
        "username": "Utsav-Singh-35",
        "email": "us101741@gmail.com",
        "team": "unassigned"
      },
      "statistics": {
        "total_additions": 327,
        "total_deletions": 89,
        "total_changes": 416,
        "files_changed": 4
      },
      "file_changes": [
        {
          "filename": "db.sqlite3",
          "status": "modified",
          "additions": 0,
          "deletions": 0,
          "changes": 0
        },
        {
          "filename": "requirements.txt",
          "status": "modified",
          "additions": 7,
          "deletions": 6,
          "changes": 13
        },
        {
          "filename": "static/js/dashboard.js",
          "status": "modified",
          "additions": 242,
          "deletions": 73,
          "changes": 315
        },
        {
          "filename": "templates/dashboards/citizen_dashboard.html",
          "status": "modified",
          "additions": 78,
          "deletions": 10,
          "changes": 88
        }
      ]
    },
    {
      "repository": {
        "name": "COHERENCE-25_ByteCode_Web",
        "owner": "Jayom5797",
        "url": "https://github.com/Jayom5797/COHERENCE-25_ByteCode_Web"
      },
      "commit": {
        "sha": "a6e8b216f54766300319da61a16b87d0879ec88b",
        "message": "Initial commit without sensitive data",
        "date": "2025-03-29T05:04:47+00:00",
        "url": "https://github.com/Jayom5797/COHERENCE-25_ByteCode_Web/commit/a6e8b216f54766300319da61a16b87d0879ec88b",
        "branch": "main"
      },
      "author": {
        "name": "Utsav",
        "username": "Utsav-Singh-35",
        "email": "us101741@gmail.com",
        "team": "unassigned"
      },
      "statistics": {
        "total_additions": 49061,
        "total_deletions": 0,
        "total_changes": 49061,
        "files_changed": 202
      },
      "file_changes": [
        {
          "filename": ".gitignore",
          "status": "added",
          "additions": 42,
          "deletions": 0,
          "changes": 42
        },
        {
          "filename": "README.md",
          "status": "added",
          "additions": 1,
          "deletions": 0,
          "changes": 1
        },
        {
          "filename": "base/__init__.py",
          "status": "added",
          "additions": 0,
          "deletions": 0,
          "changes": 0
        },
        {
          "filename": "base/__pycache__/__init__.cpython-313.pyc",
          "status": "added",
          "additions": 0,
          "deletions": 0,
          "changes": 0
        },
        {
          "filename": "base/__pycache__/admin.cpython-313.pyc",
          "status": "added",
          "additions": 0,
          "deletions": 0,
          "changes": 0
        },
        {
          "filename": "base/__pycache__/apps.cpython-313.pyc",
          "status": "added",
          "additions": 0,
          "deletions": 0,
          "changes": 0
        },
        {
          "filename": "base/__pycache__/forms.cpython-313.pyc",
          "status": "added",
          "additions": 0,
          "deletions": 0,
          "changes": 0
        },
        {
          "filename": "base/__pycache__/models.cpython-313.pyc",
          "status": "added",
          "additions": 0,
          "deletions": 0,
          "changes": 0
        },
        {
          "filename": "base/__pycache__/urls.cpython-313.pyc",
          "status": "added",
          "additions": 0,
          "deletions": 0,
          "changes": 0
        },
        {
          "filename": "base/__pycache__/utils.cpython-313.pyc",
          "status": "added",
          "additions": 0,
          "deletions": 0,
          "changes": 0
        },
        {
          "filename": "base/__pycache__/views.cpython-313.pyc",
          "status": "added",
          "additions": 0,
          "deletions": 0,
          "changes": 0
        },
        {
          "filename": "base/admin.py",
          "status": "added",
          "additions": 3,
          "deletions": 0,
          "changes": 3
        },
        {
          "filename": "base/apps.py",
          "status": "added",
          "additions": 6,
          "deletions": 0,
          "changes": 6
        },
        {
          "filename": "base/forms.py",
          "status": "added",
          "additions": 42,
          "deletions": 0,
          "changes": 42
        },
        {
          "filename": "base/migrations/0001_initial.py",
          "status": "added",
          "additions": 26,
          "deletions": 0,
          "changes": 26
        },
        {
          "filename": "base/migrations/0002_alter_profile_city_alter_profile_role.py",
          "status": "added",
          "additions": 23,
          "deletions": 0,
          "changes": 23
        },
        {
          "filename": "base/migrations/0003_citizen.py",
          "status": "added",
          "additions": 28,
          "deletions": 0,
          "changes": 28
        },
        {
          "filename": "base/migrations/__init__.py",
          "status": "added",
          "additions": 0,
          "deletions": 0,
          "changes": 0
        },
        {
          "filename": "base/migrations/__pycache__/0001_initial.cpython-313.pyc",
          "status": "added",
          "additions": 0,
          "deletions": 0,
          "changes": 0
        },
        {
          "filename": "base/migrations/__pycache__/0002_alter_profile_city_alter_profile_role.cpython-313.pyc",
          "status": "added",
          "additions": 0,
          "deletions": 0,
          "changes": 0
        },
        {
          "filename": "base/migrations/__pycache__/0003_citizen.cpython-313.pyc",
          "status": "added",
          "additions": 0,
          "deletions": 0,
          "changes": 0
        },
        {
          "filename": "base/migrations/__pycache__/__init__.cpython-313.pyc",
          "status": "added",
          "additions": 0,
          "deletions": 0,
          "changes": 0
        },
        {
          "filename": "base/models.py",
          "status": "added",
          "additions": 35,
          "deletions": 0,
          "changes": 35
        },
        {
          "filename": "base/tests.py",
          "status": "added",
          "additions": 3,
          "deletions": 0,
          "changes": 3
        },
        {
          "filename": "base/urls.py",
          "status": "added",
          "additions": 22,
          "deletions": 0,
          "changes": 22
        },
        {
          "filename": "base/views.py",
          "status": "added",
          "additions": 145,
          "deletions": 0,
          "changes": 145
        },
        {
          "filename": "dashboard/__pycache__/twilio_utils.cpython-313.pyc",
          "status": "added",
          "additions": 0,
          "deletions": 0,
          "changes": 0
        },
        {
          "filename": "dashboard/__pycache__/urls.cpython-313.pyc",
          "status": "added",
          "additions": 0,
          "deletions": 0,
          "changes": 0
        },
        {
          "filename": "dashboard/__pycache__/views.cpython-313.pyc",
          "status": "added",
          "additions": 0,
          "deletions": 0,
          "changes": 0
        },
        {
          "filename": "dashboard/twilio_utils.py",
          "status": "added",
          "additions": 97,
          "deletions": 0,
          "changes": 97
        },
        {
          "filename": "dashboard/urls.py",
          "status": "added",
          "additions": 7,
          "deletions": 0,
          "changes": 7
        },
        {
          "filename": "dashboard/views.py",
          "status": "added",
          "additions": 69,
          "deletions": 0,
          "changes": 69
        },
        {
          "filename": "db.sqlite3",
          "status": "added",
          "additions": 0,
          "deletions": 0,
          "changes": 0
        },
        {
          "filename": "manage.py",
          "status": "added",
          "additions": 22,
          "deletions": 0,
          "changes": 22
        },
        {
          "filename": "requirements.txt",
          "status": "added",
          "additions": 16,
          "deletions": 0,
          "changes": 16
        },
        {
          "filename": "smartcity_dashboard/__init__.py",
          "status": "added",
          "additions": 0,
          "deletions": 0,
          "changes": 0
        },
        {
          "filename": "smartcity_dashboard/__pycache__/__init__.cpython-313.pyc",
          "status": "added",
          "additions": 0,
          "deletions": 0,
          "changes": 0
        },
        {
          "filename": "smartcity_dashboard/__pycache__/urls.cpython-313.pyc",
          "status": "added",
          "additions": 0,
          "deletions": 0,
          "changes": 0
        },
        {
          "filename": "smartcity_dashboard/__pycache__/wsgi.cpython-313.pyc",
          "status": "added",
          "additions": 0,
          "deletions": 0,
          "changes": 0
        },
        {
          "filename": "smartcity_dashboard/asgi.py",
          "status": "added",
          "additions": 16,
          "deletions": 0,
          "changes": 16
        },
        {
          "filename": "smartcity_dashboard/settings.py",
          "status": "added",
          "additions": 154,
          "deletions": 0,
          "changes": 154
        },
        {
          "filename": "smartcity_dashboard/urls.py",
          "status": "added",
          "additions": 24,
          "deletions": 0,
          "changes": 24
        },
        {
          "filename": "smartcity_dashboard/wsgi.py",
          "status": "added",
          "additions": 16,
          "deletions": 0,
          "changes": 16
        },
        {
          "filename": "static/css/styles.css",
          "status": "added",
          "additions": 723,
          "deletions": 0,
          "changes": 723
        },
        {
          "filename": "static/images/WhatsApp Image 2025-03-28 at 19.00.28_265e1a0d.jpg",
          "status": "added",
          "additions": 0,
          "deletions": 0,
          "changes": 0
        },
        {
          "filename": "static/js/dashboard.js",
          "status": "added",
          "additions": 753,
          "deletions": 0,
          "changes": 753
        },
        {
          "filename": "staticfiles/admin/css/autocomplete.css",
          "status": "added",
          "additions": 279,
          "deletions": 0,
          "changes": 279
        },
        {
          "filename": "staticfiles/admin/css/base.css",
          "status": "added",
          "additions": 1179,
          "deletions": 0,
          "changes": 1179
        },
        {
          "filename": "staticfiles/admin/css/changelists.css",
          "status": "added",
          "additions": 343,
          "deletions": 0,
          "changes": 343
        },
        {
          "filename": "staticfiles/admin/css/dark_mode.css",
          "status": "added",
          "additions": 130,
          "deletions": 0,
          "changes": 130
        },
        {
          "filename": "staticfiles/admin/css/dashboard.css",
          "status": "added",
          "additions": 29,
          "deletions": 0,
          "changes": 29
        },
        {
          "filename": "staticfiles/admin/css/forms.css",
          "status": "added",
          "additions": 512,
          "deletions": 0,
          "changes": 512
        },
        {
          "filename": "staticfiles/admin/css/login.css",
          "status": "added",
          "additions": 61,
          "deletions": 0,
          "changes": 61
        },
        {
          "filename": "staticfiles/admin/css/nav_sidebar.css",
          "status": "added",
          "additions": 150,
          "deletions": 0,
          "changes": 150
        },
        {
          "filename": "staticfiles/admin/css/responsive.css",
          "status": "added",
          "additions": 967,
          "deletions": 0,
          "changes": 967
        },
        {
          "filename": "staticfiles/admin/css/responsive_rtl.css",
          "status": "added",
          "additions": 111,
          "deletions": 0,
          "changes": 111
        },
        {
          "filename": "staticfiles/admin/css/rtl.css",
          "status": "added",
          "additions": 291,
          "deletions": 0,
          "changes": 291
        },
        {
          "filename": "staticfiles/admin/css/unusable_password_field.css",
          "status": "added",
          "additions": 19,
          "deletions": 0,
          "changes": 19
        },
        {
          "filename": "staticfiles/admin/css/vendor/select2/LICENSE-SELECT2.md",
          "status": "added",
          "additions": 21,
          "deletions": 0,
          "changes": 21
        },
        {
          "filename": "staticfiles/admin/css/vendor/select2/select2.css",
          "status": "added",
          "additions": 481,
          "deletions": 0,
          "changes": 481
        },
        {
          "filename": "staticfiles/admin/css/vendor/select2/select2.min.css",
          "status": "added",
          "additions": 1,
          "deletions": 0,
          "changes": 1
        },
        {
          "filename": "staticfiles/admin/css/widgets.css",
          "status": "added",
          "additions": 593,
          "deletions": 0,
          "changes": 593
        },
        {
          "filename": "staticfiles/admin/img/LICENSE",
          "status": "added",
          "additions": 20,
          "deletions": 0,
          "changes": 20
        },
        {
          "filename": "staticfiles/admin/img/README.txt",
          "status": "added",
          "additions": 7,
          "deletions": 0,
          "changes": 7
        },
        {
          "filename": "staticfiles/admin/img/calendar-icons.svg",
          "status": "added",
          "additions": 63,
          "deletions": 0,
          "changes": 63
        },
        {
          "filename": "staticfiles/admin/img/gis/move_vertex_off.svg",
          "status": "added",
          "additions": 1,
          "deletions": 0,
          "changes": 1
        },
        {
          "filename": "staticfiles/admin/img/gis/move_vertex_on.svg",
          "status": "added",
          "additions": 1,
          "deletions": 0,
          "changes": 1
        },
        {
          "filename": "staticfiles/admin/img/icon-addlink.svg",
          "status": "added",
          "additions": 3,
          "deletions": 0,
          "changes": 3
        },
        {
          "filename": "staticfiles/admin/img/icon-alert.svg",
          "status": "added",
          "additions": 3,
          "deletions": 0,
          "changes": 3
        },
        {
          "filename": "staticfiles/admin/img/icon-calendar.svg",
          "status": "added",
          "additions": 9,
          "deletions": 0,
          "changes": 9
        },
        {
          "filename": "staticfiles/admin/img/icon-changelink.svg",
          "status": "added",
          "additions": 3,
          "deletions": 0,
          "changes": 3
        },
        {
          "filename": "staticfiles/admin/img/icon-clock.svg",
          "status": "added",
          "additions": 9,
          "deletions": 0,
          "changes": 9
        },
        {
          "filename": "staticfiles/admin/img/icon-deletelink.svg",
          "status": "added",
          "additions": 3,
          "deletions": 0,
          "changes": 3
        },
        {
          "filename": "staticfiles/admin/img/icon-hidelink.svg",
          "status": "added",
          "additions": 3,
          "deletions": 0,
          "changes": 3
        },
        {
          "filename": "staticfiles/admin/img/icon-no.svg",
          "status": "added",
          "additions": 3,
          "deletions": 0,
          "changes": 3
        },
        {
          "filename": "staticfiles/admin/img/icon-unknown-alt.svg",
          "status": "added",
          "additions": 3,
          "deletions": 0,
          "changes": 3
        },
        {
          "filename": "staticfiles/admin/img/icon-unknown.svg",
          "status": "added",
          "additions": 3,
          "deletions": 0,
          "changes": 3
        },
        {
          "filename": "staticfiles/admin/img/icon-viewlink.svg",
          "status": "added",
          "additions": 3,
          "deletions": 0,
          "changes": 3
        },
        {
          "filename": "staticfiles/admin/img/icon-yes.svg",
          "status": "added",
          "additions": 3,
          "deletions": 0,
          "changes": 3
        },
        {
          "filename": "staticfiles/admin/img/inline-delete.svg",
          "status": "added",
          "additions": 3,
          "deletions": 0,
          "changes": 3
        },
        {
          "filename": "staticfiles/admin/img/search.svg",
          "status": "added",
          "additions": 3,
          "deletions": 0,
          "changes": 3
        },
        {
          "filename": "staticfiles/admin/img/selector-icons.svg",
          "status": "added",
          "additions": 34,
          "deletions": 0,
          "changes": 34
        },
        {
          "filename": "staticfiles/admin/img/sorting-icons.svg",
          "status": "added",
          "additions": 19,
          "deletions": 0,
          "changes": 19
        },
        {
          "filename": "staticfiles/admin/img/tooltag-add.svg",
          "status": "added",
          "additions": 3,
          "deletions": 0,
          "changes": 3
        },
        {
          "filename": "staticfiles/admin/img/tooltag-arrowright.svg",
          "status": "added",
          "additions": 3,
          "deletions": 0,
          "changes": 3
        },
        {
          "filename": "staticfiles/admin/js/SelectBox.js",
          "status": "added",
          "additions": 116,
          "deletions": 0,
          "changes": 116
        },
        {
          "filename": "staticfiles/admin/js/SelectFilter2.js",
          "status": "added",
          "additions": 286,
          "deletions": 0,
          "changes": 286
        },
        {
          "filename": "staticfiles/admin/js/actions.js",
          "status": "added",
          "additions": 204,
          "deletions": 0,
          "changes": 204
        },
        {
          "filename": "staticfiles/admin/js/admin/DateTimeShortcuts.js",
          "status": "added",
          "additions": 408,
          "deletions": 0,
          "changes": 408
        },
        {
          "filename": "staticfiles/admin/js/admin/RelatedObjectLookups.js",
          "status": "added",
          "additions": 240,
          "deletions": 0,
          "changes": 240
        },
        {
          "filename": "staticfiles/admin/js/autocomplete.js",
          "status": "added",
          "additions": 33,
          "deletions": 0,
          "changes": 33
        },
        {
          "filename": "staticfiles/admin/js/calendar.js",
          "status": "added",
          "additions": 239,
          "deletions": 0,
          "changes": 239
        },
        {
          "filename": "staticfiles/admin/js/cancel.js",
          "status": "added",
          "additions": 29,
          "deletions": 0,
          "changes": 29
        },
        {
          "filename": "staticfiles/admin/js/change_form.js",
          "status": "added",
          "additions": 16,
          "deletions": 0,
          "changes": 16
        },
        {
          "filename": "staticfiles/admin/js/core.js",
          "status": "added",
          "additions": 184,
          "deletions": 0,
          "changes": 184
        },
        {
          "filename": "staticfiles/admin/js/filters.js",
          "status": "added",
          "additions": 30,
          "deletions": 0,
          "changes": 30
        },
        {
          "filename": "staticfiles/admin/js/inlines.js",
          "status": "added",
          "additions": 359,
          "deletions": 0,
          "changes": 359
        },
        {
          "filename": "staticfiles/admin/js/jquery.init.js",
          "status": "added",
          "additions": 8,
          "deletions": 0,
          "changes": 8
        },
        {
          "filename": "staticfiles/admin/js/nav_sidebar.js",
          "status": "added",
          "additions": 79,
          "deletions": 0,
          "changes": 79
        },
        {
          "filename": "staticfiles/admin/js/popup_response.js",
          "status": "added",
          "additions": 15,
          "deletions": 0,
          "changes": 15
        },
        {
          "filename": "staticfiles/admin/js/prepopulate.js",
          "status": "added",
          "additions": 43,
          "deletions": 0,
          "changes": 43
        },
        {
          "filename": "staticfiles/admin/js/prepopulate_init.js",
          "status": "added",
          "additions": 15,
          "deletions": 0,
          "changes": 15
        },
        {
          "filename": "staticfiles/admin/js/theme.js",
          "status": "added",
          "additions": 51,
          "deletions": 0,
          "changes": 51
        },
        {
          "filename": "staticfiles/admin/js/unusable_password_field.js",
          "status": "added",
          "additions": 29,
          "deletions": 0,
          "changes": 29
        },
        {
          "filename": "staticfiles/admin/js/urlify.js",
          "status": "added",
          "additions": 169,
          "deletions": 0,
          "changes": 169
        },
        {
          "filename": "staticfiles/admin/js/vendor/jquery/LICENSE.txt",
          "status": "added",
          "additions": 20,
          "deletions": 0,
          "changes": 20
        },
        {
          "filename": "staticfiles/admin/js/vendor/jquery/jquery.js",
          "status": "added",
          "additions": 10716,
          "deletions": 0,
          "changes": 10716
        },
        {
          "filename": "staticfiles/admin/js/vendor/jquery/jquery.min.js",
          "status": "added",
          "additions": 2,
          "deletions": 0,
          "changes": 2
        },
        {
          "filename": "staticfiles/admin/js/vendor/select2/LICENSE.md",
          "status": "added",
          "additions": 21,
          "deletions": 0,
          "changes": 21
        },
        {
          "filename": "staticfiles/admin/js/vendor/select2/i18n/af.js",
          "status": "added",
          "additions": 3,
          "deletions": 0,
          "changes": 3
        },
        {
          "filename": "staticfiles/admin/js/vendor/select2/i18n/ar.js",
          "status": "added",
          "additions": 3,
          "deletions": 0,
          "changes": 3
        },
        {
          "filename": "staticfiles/admin/js/vendor/select2/i18n/az.js",
          "status": "added",
          "additions": 3,
          "deletions": 0,
          "changes": 3
        },
        {
          "filename": "staticfiles/admin/js/vendor/select2/i18n/bg.js",
          "status": "added",
          "additions": 3,
          "deletions": 0,
          "changes": 3
        },
        {
          "filename": "staticfiles/admin/js/vendor/select2/i18n/bn.js",
          "status": "added",
          "additions": 3,
          "deletions": 0,
          "changes": 3
        },
        {
          "filename": "staticfiles/admin/js/vendor/select2/i18n/bs.js",
          "status": "added",
          "additions": 3,
          "deletions": 0,
          "changes": 3
        },
        {
          "filename": "staticfiles/admin/js/vendor/select2/i18n/ca.js",
          "status": "added",
          "additions": 3,
          "deletions": 0,
          "changes": 3
        },
        {
          "filename": "staticfiles/admin/js/vendor/select2/i18n/cs.js",
          "status": "added",
          "additions": 3,
          "deletions": 0,
          "changes": 3
        },
        {
          "filename": "staticfiles/admin/js/vendor/select2/i18n/da.js",
          "status": "added",
          "additions": 3,
          "deletions": 0,
          "changes": 3
        },
        {
          "filename": "staticfiles/admin/js/vendor/select2/i18n/de.js",
          "status": "added",
          "additions": 3,
          "deletions": 0,
          "changes": 3
        },
        {
          "filename": "staticfiles/admin/js/vendor/select2/i18n/dsb.js",
          "status": "added",
          "additions": 3,
          "deletions": 0,
          "changes": 3
        },
        {
          "filename": "staticfiles/admin/js/vendor/select2/i18n/el.js",
          "status": "added",
          "additions": 3,
          "deletions": 0,
          "changes": 3
        },
        {
          "filename": "staticfiles/admin/js/vendor/select2/i18n/en.js",
          "status": "added",
          "additions": 3,
          "deletions": 0,
          "changes": 3
        },
        {
          "filename": "staticfiles/admin/js/vendor/select2/i18n/es.js",
          "status": "added",
          "additions": 3,
          "deletions": 0,
          "changes": 3
        },
        {
          "filename": "staticfiles/admin/js/vendor/select2/i18n/et.js",
          "status": "added",
          "additions": 3,
          "deletions": 0,
          "changes": 3
        },
        {
          "filename": "staticfiles/admin/js/vendor/select2/i18n/eu.js",
          "status": "added",
          "additions": 3,
          "deletions": 0,
          "changes": 3
        },
        {
          "filename": "staticfiles/admin/js/vendor/select2/i18n/fa.js",
          "status": "added",
          "additions": 3,
          "deletions": 0,
          "changes": 3
        },
        {
          "filename": "staticfiles/admin/js/vendor/select2/i18n/fi.js",
          "status": "added",
          "additions": 3,
          "deletions": 0,
          "changes": 3
        },
        {
          "filename": "staticfiles/admin/js/vendor/select2/i18n/fr.js",
          "status": "added",
          "additions": 3,
          "deletions": 0,
          "changes": 3
        },
        {
          "filename": "staticfiles/admin/js/vendor/select2/i18n/gl.js",
          "status": "added",
          "additions": 3,
          "deletions": 0,
          "changes": 3
        },
        {
          "filename": "staticfiles/admin/js/vendor/select2/i18n/he.js",
          "status": "added",
          "additions": 3,
          "deletions": 0,
          "changes": 3
        },
        {
          "filename": "staticfiles/admin/js/vendor/select2/i18n/hi.js",
          "status": "added",
          "additions": 3,
          "deletions": 0,
          "changes": 3
        },
        {
          "filename": "staticfiles/admin/js/vendor/select2/i18n/hr.js",
          "status": "added",
          "additions": 3,
          "deletions": 0,
          "changes": 3
        },
        {
          "filename": "staticfiles/admin/js/vendor/select2/i18n/hsb.js",
          "status": "added",
          "additions": 3,
          "deletions": 0,
          "changes": 3
        },
        {
          "filename": "staticfiles/admin/js/vendor/select2/i18n/hu.js",
          "status": "added",
          "additions": 3,
          "deletions": 0,
          "changes": 3
        },
        {
          "filename": "staticfiles/admin/js/vendor/select2/i18n/hy.js",
          "status": "added",
          "additions": 3,
          "deletions": 0,
          "changes": 3
        },
        {
          "filename": "staticfiles/admin/js/vendor/select2/i18n/id.js",
          "status": "added",
          "additions": 3,
          "deletions": 0,
          "changes": 3
        },
        {
          "filename": "staticfiles/admin/js/vendor/select2/i18n/is.js",
          "status": "added",
          "additions": 3,
          "deletions": 0,
          "changes": 3
        },
        {
          "filename": "staticfiles/admin/js/vendor/select2/i18n/it.js",
          "status": "added",
          "additions": 3,
          "deletions": 0,
          "changes": 3
        },
        {
          "filename": "staticfiles/admin/js/vendor/select2/i18n/ja.js",
          "status": "added",
          "additions": 3,
          "deletions": 0,
          "changes": 3
        },
        {
          "filename": "staticfiles/admin/js/vendor/select2/i18n/ka.js",
          "status": "added",
          "additions": 3,
          "deletions": 0,
          "changes": 3
        },
        {
          "filename": "staticfiles/admin/js/vendor/select2/i18n/km.js",
          "status": "added",
          "additions": 3,
          "deletions": 0,
          "changes": 3
        },
        {
          "filename": "staticfiles/admin/js/vendor/select2/i18n/ko.js",
          "status": "added",
          "additions": 3,
          "deletions": 0,
          "changes": 3
        },
        {
          "filename": "staticfiles/admin/js/vendor/select2/i18n/lt.js",
          "status": "added",
          "additions": 3,
          "deletions": 0,
          "changes": 3
        },
        {
          "filename": "staticfiles/admin/js/vendor/select2/i18n/lv.js",
          "status": "added",
          "additions": 3,
          "deletions": 0,
          "changes": 3
        },
        {
          "filename": "staticfiles/admin/js/vendor/select2/i18n/mk.js",
          "status": "added",
          "additions": 3,
          "deletions": 0,
          "changes": 3
        },
        {
          "filename": "staticfiles/admin/js/vendor/select2/i18n/ms.js",
          "status": "added",
          "additions": 3,
          "deletions": 0,
          "changes": 3
        },
        {
          "filename": "staticfiles/admin/js/vendor/select2/i18n/nb.js",
          "status": "added",
          "additions": 3,
          "deletions": 0,
          "changes": 3
        },
        {
          "filename": "staticfiles/admin/js/vendor/select2/i18n/ne.js",
          "status": "added",
          "additions": 3,
          "deletions": 0,
          "changes": 3
        },
        {
          "filename": "staticfiles/admin/js/vendor/select2/i18n/nl.js",
          "status": "added",
          "additions": 3,
          "deletions": 0,
          "changes": 3
        },
        {
          "filename": "staticfiles/admin/js/vendor/select2/i18n/pl.js",
          "status": "added",
          "additions": 3,
          "deletions": 0,
          "changes": 3
        },
        {
          "filename": "staticfiles/admin/js/vendor/select2/i18n/ps.js",
          "status": "added",
          "additions": 3,
          "deletions": 0,
          "changes": 3
        },
        {
          "filename": "staticfiles/admin/js/vendor/select2/i18n/pt-BR.js",
          "status": "added",
          "additions": 3,
          "deletions": 0,
          "changes": 3
        },
        {
          "filename": "staticfiles/admin/js/vendor/select2/i18n/pt.js",
          "status": "added",
          "additions": 3,
          "deletions": 0,
          "changes": 3
        },
        {
          "filename": "staticfiles/admin/js/vendor/select2/i18n/ro.js",
          "status": "added",
          "additions": 3,
          "deletions": 0,
          "changes": 3
        },
        {
          "filename": "staticfiles/admin/js/vendor/select2/i18n/ru.js",
          "status": "added",
          "additions": 3,
          "deletions": 0,
          "changes": 3
        },
        {
          "filename": "staticfiles/admin/js/vendor/select2/i18n/sk.js",
          "status": "added",
          "additions": 3,
          "deletions": 0,
          "changes": 3
        },
        {
          "filename": "staticfiles/admin/js/vendor/select2/i18n/sl.js",
          "status": "added",
          "additions": 3,
          "deletions": 0,
          "changes": 3
        },
        {
          "filename": "staticfiles/admin/js/vendor/select2/i18n/sq.js",
          "status": "added",
          "additions": 3,
          "deletions": 0,
          "changes": 3
        },
        {
          "filename": "staticfiles/admin/js/vendor/select2/i18n/sr-Cyrl.js",
          "status": "added",
          "additions": 3,
          "deletions": 0,
          "changes": 3
        },
        {
          "filename": "staticfiles/admin/js/vendor/select2/i18n/sr.js",
          "status": "added",
          "additions": 3,
          "deletions": 0,
          "changes": 3
        },
        {
          "filename": "staticfiles/admin/js/vendor/select2/i18n/sv.js",
          "status": "added",
          "additions": 3,
          "deletions": 0,
          "changes": 3
        },
        {
          "filename": "staticfiles/admin/js/vendor/select2/i18n/th.js",
          "status": "added",
          "additions": 3,
          "deletions": 0,
          "changes": 3
        },
        {
          "filename": "staticfiles/admin/js/vendor/select2/i18n/tk.js",
          "status": "added",
          "additions": 3,
          "deletions": 0,
          "changes": 3
        },
        {
          "filename": "staticfiles/admin/js/vendor/select2/i18n/tr.js",
          "status": "added",
          "additions": 3,
          "deletions": 0,
          "changes": 3
        },
        {
          "filename": "staticfiles/admin/js/vendor/select2/i18n/uk.js",
          "status": "added",
          "additions": 3,
          "deletions": 0,
          "changes": 3
        },
        {
          "filename": "staticfiles/admin/js/vendor/select2/i18n/vi.js",
          "status": "added",
          "additions": 3,
          "deletions": 0,
          "changes": 3
        },
        {
          "filename": "staticfiles/admin/js/vendor/select2/i18n/zh-CN.js",
          "status": "added",
          "additions": 3,
          "deletions": 0,
          "changes": 3
        },
        {
          "filename": "staticfiles/admin/js/vendor/select2/i18n/zh-TW.js",
          "status": "added",
          "additions": 3,
          "deletions": 0,
          "changes": 3
        },
        {
          "filename": "staticfiles/admin/js/vendor/select2/select2.full.js",
          "status": "added",
          "additions": 6820,
          "deletions": 0,
          "changes": 6820
        },
        {
          "filename": "staticfiles/admin/js/vendor/select2/select2.full.min.js",
          "status": "added",
          "additions": 2,
          "deletions": 0,
          "changes": 2
        },
        {
          "filename": "staticfiles/admin/js/vendor/xregexp/LICENSE.txt",
          "status": "added",
          "additions": 21,
          "deletions": 0,
          "changes": 21
        },
        {
          "filename": "staticfiles/admin/js/vendor/xregexp/xregexp.js",
          "status": "added",
          "additions": 6126,
          "deletions": 0,
          "changes": 6126
        },
        {
          "filename": "staticfiles/admin/js/vendor/xregexp/xregexp.min.js",
          "status": "added",
          "additions": 17,
          "deletions": 0,
          "changes": 17
        },
        {
          "filename": "staticfiles/css/main.css",
          "status": "added",
          "additions": 1044,
          "deletions": 0,
          "changes": 1044
        },
        {
          "filename": "staticfiles/css/style.css",
          "status": "added",
          "additions": 151,
          "deletions": 0,
          "changes": 151
        },
        {
          "filename": "staticfiles/css/styles.css",
          "status": "added",
          "additions": 723,
          "deletions": 0,
          "changes": 723
        },
        {
          "filename": "staticfiles/images/WhatsApp Image 2025-03-28 at 19.00.28_265e1a0d.jpg",
          "status": "added",
          "additions": 0,
          "deletions": 0,
          "changes": 0
        },
        {
          "filename": "staticfiles/js/aqi.js",
          "status": "added",
          "additions": 147,
          "deletions": 0,
          "changes": 147
        },
        {
          "filename": "staticfiles/js/dashboard.js",
          "status": "added",
          "additions": 26,
          "deletions": 0,
          "changes": 26
        },
        {
          "filename": "staticfiles/js/script.js",
          "status": "added",
          "additions": 26,
          "deletions": 0,
          "changes": 26
        },
        {
          "filename": "staticfiles/js/traffic.js",
          "status": "added",
          "additions": 47,
          "deletions": 0,
          "changes": 47
        },
        {
          "filename": "templates/dashboards/admin_dashboard.html",
          "status": "added",
          "additions": 1020,
          "deletions": 0,
          "changes": 1020
        },
        {
          "filename": "templates/dashboards/analytics_dashboard.html",
          "status": "added",
          "additions": 605,
          "deletions": 0,
          "changes": 605
        },
        {
          "filename": "templates/dashboards/citizen.html",
          "status": "added",
          "additions": 1241,
          "deletions": 0,
          "changes": 1241
        },
        {
          "filename": "templates/dashboards/citizen_dashboard.html",
          "status": "added",
          "additions": 2202,
          "deletions": 0,
          "changes": 2202
        },
        {
          "filename": "templates/dashboards/city_overview.html",
          "status": "added",
          "additions": 404,
          "deletions": 0,
          "changes": 404
        },
        {
          "filename": "templates/dashboards/complaints.html",
          "status": "added",
          "additions": 753,
          "deletions": 0,
          "changes": 753
        },
        {
          "filename": "templates/dashboards/dashboard_base.html",
          "status": "added",
          "additions": 199,
          "deletions": 0,
          "changes": 199
        },
        {
          "filename": "templates/dashboards/emergency.html",
          "status": "added",
          "additions": 482,
          "deletions": 0,
          "changes": 482
        },
        {
          "filename": "templates/dashboards/equipment_dashboard.html",
          "status": "added",
          "additions": 0,
          "deletions": 0,
          "changes": 0
        },
        {
          "filename": "templates/dashboards/event.html",
          "status": "added",
          "additions": 378,
          "deletions": 0,
          "changes": 378
        },
        {
          "filename": "templates/dashboards/events.html",
          "status": "added",
          "additions": 812,
          "deletions": 0,
          "changes": 812
        },
        {
          "filename": "templates/dashboards/government_dashboard.html",
          "status": "added",
          "additions": 528,
          "deletions": 0,
          "changes": 528
        },
        {
          "filename": "templates/dashboards/news.html",
          "status": "added",
          "additions": 331,
          "deletions": 0,
          "changes": 331
        },
        {
          "filename": "templates/dashboards/notifications.html",
          "status": "added",
          "additions": 314,
          "deletions": 0,
          "changes": 314
        },
        {
          "filename": "templates/dashboards/performance.html",
          "status": "added",
          "additions": 469,
          "deletions": 0,
          "changes": 469
        },
        {
          "filename": "templates/dashboards/schedule.html",
          "status": "added",
          "additions": 387,
          "deletions": 0,
          "changes": 387
        },
        {
          "filename": "templates/dashboards/services.html",
          "status": "added",
          "additions": 357,
          "deletions": 0,
          "changes": 357
        },
        {
          "filename": "templates/dashboards/settings.html",
          "status": "added",
          "additions": 454,
          "deletions": 0,
          "changes": 454
        },
        {
          "filename": "templates/index.html",
          "status": "added",
          "additions": 947,
          "deletions": 0,
          "changes": 947
        },
        {
          "filename": "templates/login.html",
          "status": "added",
          "additions": 64,
          "deletions": 0,
          "changes": 64
        },
        {
          "filename": "templates/signup.html",
          "status": "added",
          "additions": 277,
          "deletions": 0,
          "changes": 277
        }
      ]
    }
  ],
  "total_commits": 4,
  "metadata": {
    "collection_date": "2026-01-31T21:22:07.522401",
    "total_repositories": 1,
    "total_commits_collected": 4,
    "repositories_processed": [
      "Jayom5797/COHERENCE-25_ByteCode_Web"
    ],
    "filters_applied": {
      "date_from": null,
      "date_to": null,
      "authors": [],
      "teams": []
    }
  }
}