{
  "commits": [
    {
      "repository": {
        "name": "COHERENCE-25_Interpretrs_web-app",
        "owner": "VivekkumarChauhan",
        "url": "https://github.com/VivekkumarChauhan/COHERENCE-25_Interpretrs_web-app"
      },
      "commit": {
        "sha": "7506a8fea4048a19806a91bafb6343b23505dfc7",
        "message": "Update a.py",
        "date": "2025-03-29T07:14:36+00:00",
        "url": "https://github.com/VivekkumarChauhan/COHERENCE-25_Interpretrs_web-app/commit/7506a8fea4048a19806a91bafb6343b23505dfc7",
        "branch": "main"
      },
      "author": {
        "name": "Vivekkumar Chauhan",
        "username": "VivekkumarChauhan",
        "email": "147121528+VivekkumarChauhan@users.noreply.github.com",
        "team": "unassigned"
      },
      "statistics": {
        "total_additions": 2,
        "total_deletions": 2,
        "total_changes": 4,
        "files_changed": 1
      },
      "file_changes": [
        {
          "filename": "maps/a.py",
          "status": "modified",
          "additions": 2,
          "deletions": 2,
          "changes": 4
        }
      ]
    },
    {
      "repository": {
        "name": "COHERENCE-25_Interpretrs_web-app",
        "owner": "VivekkumarChauhan",
        "url": "https://github.com/VivekkumarChauhan/COHERENCE-25_Interpretrs_web-app"
      },
      "commit": {
        "sha": "a12aa9d71d9f81d9c06c458de0277780bac0f98e",
        "message": "Update r.py",
        "date": "2025-03-29T07:14:14+00:00",
        "url": "https://github.com/VivekkumarChauhan/COHERENCE-25_Interpretrs_web-app/commit/a12aa9d71d9f81d9c06c458de0277780bac0f98e",
        "branch": "main"
      },
      "author": {
        "name": "Vivekkumar Chauhan",
        "username": "VivekkumarChauhan",
        "email": "147121528+VivekkumarChauhan@users.noreply.github.com",
        "team": "unassigned"
      },
      "statistics": {
        "total_additions": 3,
        "total_deletions": 3,
        "total_changes": 6,
        "files_changed": 1
      },
      "file_changes": [
        {
          "filename": "maps/r.py",
          "status": "modified",
          "additions": 3,
          "deletions": 3,
          "changes": 6
        }
      ]
    },
    {
      "repository": {
        "name": "COHERENCE-25_Interpretrs_web-app",
        "owner": "VivekkumarChauhan",
        "url": "https://github.com/VivekkumarChauhan/COHERENCE-25_Interpretrs_web-app"
      },
      "commit": {
        "sha": "f2300ab6bca5c30ba9a03aec5a676aee2dff76da",
        "message": "Update README.md",
        "date": "2025-03-29T06:42:59+00:00",
        "url": "https://github.com/VivekkumarChauhan/COHERENCE-25_Interpretrs_web-app/commit/f2300ab6bca5c30ba9a03aec5a676aee2dff76da",
        "branch": "main"
      },
      "author": {
        "name": "Vivekkumar Chauhan",
        "username": "VivekkumarChauhan",
        "email": "147121528+VivekkumarChauhan@users.noreply.github.com",
        "team": "unassigned"
      },
      "statistics": {
        "total_additions": 2,
        "total_deletions": 2,
        "total_changes": 4,
        "files_changed": 1
      },
      "file_changes": [
        {
          "filename": "README.md",
          "status": "modified",
          "additions": 2,
          "deletions": 2,
          "changes": 4
        }
      ]
    },
    {
      "repository": {
        "name": "COHERENCE-25_Interpretrs_web-app",
        "owner": "VivekkumarChauhan",
        "url": "https://github.com/VivekkumarChauhan/COHERENCE-25_Interpretrs_web-app"
      },
      "commit": {
        "sha": "6812173439558c467df3f700090cacffc1669f0c",
        "message": "Update README.md",
        "date": "2025-03-29T06:42:19+00:00",
        "url": "https://github.com/VivekkumarChauhan/COHERENCE-25_Interpretrs_web-app/commit/6812173439558c467df3f700090cacffc1669f0c",
        "branch": "main"
      },
      "author": {
        "name": "Vivekkumar Chauhan",
        "username": "VivekkumarChauhan",
        "email": "147121528+VivekkumarChauhan@users.noreply.github.com",
        "team": "unassigned"
      },
      "statistics": {
        "total_additions": 1,
        "total_deletions": 0,
        "total_changes": 1,
        "files_changed": 1
      },
      "file_changes": [
        {
          "filename": "README.md",
          "status": "modified",
          "additions": 1,
          "deletions": 0,
          "changes": 1
        }
      ]
    },
    {
      "repository": {
        "name": "COHERENCE-25_Interpretrs_web-app",
        "owner": "VivekkumarChauhan",
        "url": "https://github.com/VivekkumarChauhan/COHERENCE-25_Interpretrs_web-app"
      },
      "commit": {
        "sha": "d10ca61fed0af275b49d3a8aab3ac6464a72f8cd",
        "message": "Add files via upload",
        "date": "2025-03-29T06:40:52+00:00",
        "url": "https://github.com/VivekkumarChauhan/COHERENCE-25_Interpretrs_web-app/commit/d10ca61fed0af275b49d3a8aab3ac6464a72f8cd",
        "branch": "main"
      },
      "author": {
        "name": "Vivekkumar Chauhan",
        "username": "VivekkumarChauhan",
        "email": "147121528+VivekkumarChauhan@users.noreply.github.com",
        "team": "unassigned"
      },
      "statistics": {
        "total_additions": 0,
        "total_deletions": 0,
        "total_changes": 0,
        "files_changed": 1
      },
      "file_changes": [
        {
          "filename": "WhatsApp Image 2025-03-29 at 12.09.59_1b308498.jpg",
          "status": "added",
          "additions": 0,
          "deletions": 0,
          "changes": 0
        }
      ]
    },
    {
      "repository": {
        "name": "COHERENCE-25_Interpretrs_web-app",
        "owner": "VivekkumarChauhan",
        "url": "https://github.com/VivekkumarChauhan/COHERENCE-25_Interpretrs_web-app"
      },
      "commit": {
        "sha": "209cb1e871190a71636045ae77c9ee2057e7f517",
        "message": "Update README.md",
        "date": "2025-03-29T05:23:24+00:00",
        "url": "https://github.com/VivekkumarChauhan/COHERENCE-25_Interpretrs_web-app/commit/209cb1e871190a71636045ae77c9ee2057e7f517",
        "branch": "main"
      },
      "author": {
        "name": "Vivekkumar Chauhan",
        "username": "VivekkumarChauhan",
        "email": "147121528+VivekkumarChauhan@users.noreply.github.com",
        "team": "unassigned"
      },
      "statistics": {
        "total_additions": 4,
        "total_deletions": 3,
        "total_changes": 7,
        "files_changed": 1
      },
      "file_changes": [
        {
          "filename": "README.md",
          "status": "modified",
          "additions": 4,
          "deletions": 3,
          "changes": 7
        }
      ]
    },
    {
      "repository": {
        "name": "COHERENCE-25_Interpretrs_web-app",
        "owner": "VivekkumarChauhan",
        "url": "https://github.com/VivekkumarChauhan/COHERENCE-25_Interpretrs_web-app"
      },
      "commit": {
        "sha": "f8cc37fdf533c06da960f6b3d24fe30086f9d43f",
        "message": "Update README.md",
        "date": "2025-03-29T05:21:11+00:00",
        "url": "https://github.com/VivekkumarChauhan/COHERENCE-25_Interpretrs_web-app/commit/f8cc37fdf533c06da960f6b3d24fe30086f9d43f",
        "branch": "main"
      },
      "author": {
        "name": "Vivekkumar Chauhan",
        "username": "VivekkumarChauhan",
        "email": "147121528+VivekkumarChauhan@users.noreply.github.com",
        "team": "unassigned"
      },
      "statistics": {
        "total_additions": 5,
        "total_deletions": 1,
        "total_changes": 6,
        "files_changed": 1
      },
      "file_changes": [
        {
          "filename": "README.md",
          "status": "modified",
          "additions": 5,
          "deletions": 1,
          "changes": 6
        }
      ]
    },
    {
      "repository": {
        "name": "COHERENCE-25_Interpretrs_web-app",
        "owner": "VivekkumarChauhan",
        "url": "https://github.com/VivekkumarChauhan/COHERENCE-25_Interpretrs_web-app"
      },
      "commit": {
        "sha": "a3a57c80e0201c8683c1b9724f77a243ad63d795",
        "message": "Add files via upload",
        "date": "2025-03-29T05:17:25+00:00",
        "url": "https://github.com/VivekkumarChauhan/COHERENCE-25_Interpretrs_web-app/commit/a3a57c80e0201c8683c1b9724f77a243ad63d795",
        "branch": "main"
      },
      "author": {
        "name": "Vivekkumar Chauhan",
        "username": "VivekkumarChauhan",
        "email": "147121528+VivekkumarChauhan@users.noreply.github.com",
        "team": "unassigned"
      },
      "statistics": {
        "total_additions": 0,
        "total_deletions": 0,
        "total_changes": 0,
        "files_changed": 3
      },
      "file_changes": [
        {
          "filename": "WhatsApp Image 2025-03-29 at 10.46.26_cb21d155.jpg",
          "status": "added",
          "additions": 0,
          "deletions": 0,
          "changes": 0
        },
        {
          "filename": "WhatsApp Image 2025-03-29 at 10.46.27_0813979a.jpg",
          "status": "added",
          "additions": 0,
          "deletions": 0,
          "changes": 0
        },
        {
          "filename": "WhatsApp Image 2025-03-29 at 10.46.27_2c943f76.jpg",
          "status": "added",
          "additions": 0,
          "deletions": 0,
          "changes": 0
        }
      ]
    },
    {
      "repository": {
        "name": "COHERENCE-25_Interpretrs_web-app",
        "owner": "VivekkumarChauhan",
        "url": "https://github.com/VivekkumarChauhan/COHERENCE-25_Interpretrs_web-app"
      },
      "commit": {
        "sha": "d89e4263d6d6db33fae325f626612c964f43ec58",
        "message": "Update README.md",
        "date": "2025-03-29T05:13:06+00:00",
        "url": "https://github.com/VivekkumarChauhan/COHERENCE-25_Interpretrs_web-app/commit/d89e4263d6d6db33fae325f626612c964f43ec58",
        "branch": "main"
      },
      "author": {
        "name": "Vivekkumar Chauhan",
        "username": "VivekkumarChauhan",
        "email": "147121528+VivekkumarChauhan@users.noreply.github.com",
        "team": "unassigned"
      },
      "statistics": {
        "total_additions": 1,
        "total_deletions": 1,
        "total_changes": 2,
        "files_changed": 1
      },
      "file_changes": [
        {
          "filename": "README.md",
          "status": "modified",
          "additions": 1,
          "deletions": 1,
          "changes": 2
        }
      ]
    },
    {
      "repository": {
        "name": "COHERENCE-25_Interpretrs_web-app",
        "owner": "VivekkumarChauhan",
        "url": "https://github.com/VivekkumarChauhan/COHERENCE-25_Interpretrs_web-app"
      },
      "commit": {
        "sha": "15f2b6ced853ae3fbb72106dbef6ae5c15520ab6",
        "message": "Update README.md",
        "date": "2025-03-29T05:12:29+00:00",
        "url": "https://github.com/VivekkumarChauhan/COHERENCE-25_Interpretrs_web-app/commit/15f2b6ced853ae3fbb72106dbef6ae5c15520ab6",
        "branch": "main"
      },
      "author": {
        "name": "Vivekkumar Chauhan",
        "username": "VivekkumarChauhan",
        "email": "147121528+VivekkumarChauhan@users.noreply.github.com",
        "team": "unassigned"
      },
      "statistics": {
        "total_additions": 1,
        "total_deletions": 0,
        "total_changes": 1,
        "files_changed": 1
      },
      "file_changes": [
        {
          "filename": "README.md",
          "status": "modified",
          "additions": 1,
          "deletions": 0,
          "changes": 1
        }
      ]
    },
    {
      "repository": {
        "name": "COHERENCE-25_Interpretrs_web-app",
        "owner": "VivekkumarChauhan",
        "url": "https://github.com/VivekkumarChauhan/COHERENCE-25_Interpretrs_web-app"
      },
      "commit": {
        "sha": "7337a4c677e17d83d1cefb0dcd92d43e8f4fb4fe",
        "message": "Update README.md",
        "date": "2025-03-29T05:11:04+00:00",
        "url": "https://github.com/VivekkumarChauhan/COHERENCE-25_Interpretrs_web-app/commit/7337a4c677e17d83d1cefb0dcd92d43e8f4fb4fe",
        "branch": "main"
      },
      "author": {
        "name": "Vivekkumar Chauhan",
        "username": "VivekkumarChauhan",
        "email": "147121528+VivekkumarChauhan@users.noreply.github.com",
        "team": "unassigned"
      },
      "statistics": {
        "total_additions": 2,
        "total_deletions": 2,
        "total_changes": 4,
        "files_changed": 1
      },
      "file_changes": [
        {
          "filename": "README.md",
          "status": "modified",
          "additions": 2,
          "deletions": 2,
          "changes": 4
        }
      ]
    },
    {
      "repository": {
        "name": "COHERENCE-25_Interpretrs_web-app",
        "owner": "VivekkumarChauhan",
        "url": "https://github.com/VivekkumarChauhan/COHERENCE-25_Interpretrs_web-app"
      },
      "commit": {
        "sha": "530abb8206b2936867201297ed26afe56f945d29",
        "message": "Update README.md",
        "date": "2025-03-29T05:07:23+00:00",
        "url": "https://github.com/VivekkumarChauhan/COHERENCE-25_Interpretrs_web-app/commit/530abb8206b2936867201297ed26afe56f945d29",
        "branch": "main"
      },
      "author": {
        "name": "Vivekkumar Chauhan",
        "username": "VivekkumarChauhan",
        "email": "147121528+VivekkumarChauhan@users.noreply.github.com",
        "team": "unassigned"
      },
      "statistics": {
        "total_additions": 3,
        "total_deletions": 2,
        "total_changes": 5,
        "files_changed": 1
      },
      "file_changes": [
        {
          "filename": "README.md",
          "status": "modified",
          "additions": 3,
          "deletions": 2,
          "changes": 5
        }
      ]
    },
    {
      "repository": {
        "name": "COHERENCE-25_Interpretrs_web-app",
        "owner": "VivekkumarChauhan",
        "url": "https://github.com/VivekkumarChauhan/COHERENCE-25_Interpretrs_web-app"
      },
      "commit": {
        "sha": "46de522a71d4704e62dc952b6c5754c355fd807b",
        "message": "Update README.md",
        "date": "2025-03-29T05:03:40+00:00",
        "url": "https://github.com/VivekkumarChauhan/COHERENCE-25_Interpretrs_web-app/commit/46de522a71d4704e62dc952b6c5754c355fd807b",
        "branch": "main"
      },
      "author": {
        "name": "Vivekkumar Chauhan",
        "username": "VivekkumarChauhan",
        "email": "147121528+VivekkumarChauhan@users.noreply.github.com",
        "team": "unassigned"
      },
      "statistics": {
        "total_additions": 2,
        "total_deletions": 2,
        "total_changes": 4,
        "files_changed": 1
      },
      "file_changes": [
        {
          "filename": "README.md",
          "status": "modified",
          "additions": 2,
          "deletions": 2,
          "changes": 4
        }
      ]
    },
    {
      "repository": {
        "name": "COHERENCE-25_Interpretrs_web-app",
        "owner": "VivekkumarChauhan",
        "url": "https://github.com/VivekkumarChauhan/COHERENCE-25_Interpretrs_web-app"
      },
      "commit": {
        "sha": "3f4fea28ae079d49664ce4b64cff100e74347d07",
        "message": "Update README.md",
        "date": "2025-03-29T05:01:37+00:00",
        "url": "https://github.com/VivekkumarChauhan/COHERENCE-25_Interpretrs_web-app/commit/3f4fea28ae079d49664ce4b64cff100e74347d07",
        "branch": "main"
      },
      "author": {
        "name": "Vivekkumar Chauhan",
        "username": "VivekkumarChauhan",
        "email": "147121528+VivekkumarChauhan@users.noreply.github.com",
        "team": "unassigned"
      },
      "statistics": {
        "total_additions": 3,
        "total_deletions": 0,
        "total_changes": 3,
        "files_changed": 1
      },
      "file_changes": [
        {
          "filename": "README.md",
          "status": "modified",
          "additions": 3,
          "deletions": 0,
          "changes": 3
        }
      ]
    },
    {
      "repository": {
        "name": "COHERENCE-25_Interpretrs_web-app",
        "owner": "VivekkumarChauhan",
        "url": "https://github.com/VivekkumarChauhan/COHERENCE-25_Interpretrs_web-app"
      },
      "commit": {
        "sha": "f116b4b9fbdb5379ec4f36116425cc1fe03254a8",
        "message": "Add files via upload",
        "date": "2025-03-29T04:59:26+00:00",
        "url": "https://github.com/VivekkumarChauhan/COHERENCE-25_Interpretrs_web-app/commit/f116b4b9fbdb5379ec4f36116425cc1fe03254a8",
        "branch": "main"
      },
      "author": {
        "name": "Vivekkumar Chauhan",
        "username": "VivekkumarChauhan",
        "email": "147121528+VivekkumarChauhan@users.noreply.github.com",
        "team": "unassigned"
      },
      "statistics": {
        "total_additions": 0,
        "total_deletions": 0,
        "total_changes": 0,
        "files_changed": 2
      },
      "file_changes": [
        {
          "filename": "WhatsApp Image 2025-03-29 at 10.26.04_2e080712.jpg",
          "status": "added",
          "additions": 0,
          "deletions": 0,
          "changes": 0
        },
        {
          "filename": "WhatsApp Image 2025-03-29 at 10.26.04_9ef3aeef.jpg",
          "status": "added",
          "additions": 0,
          "deletions": 0,
          "changes": 0
        }
      ]
    },
    {
      "repository": {
        "name": "COHERENCE-25_Interpretrs_web-app",
        "owner": "VivekkumarChauhan",
        "url": "https://github.com/VivekkumarChauhan/COHERENCE-25_Interpretrs_web-app"
      },
      "commit": {
        "sha": "da6351812a649b97b26334ea6c6db60292d9fd52",
        "message": "Update README.md",
        "date": "2025-03-29T04:58:30+00:00",
        "url": "https://github.com/VivekkumarChauhan/COHERENCE-25_Interpretrs_web-app/commit/da6351812a649b97b26334ea6c6db60292d9fd52",
        "branch": "main"
      },
      "author": {
        "name": "Vivekkumar Chauhan",
        "username": "VivekkumarChauhan",
        "email": "147121528+VivekkumarChauhan@users.noreply.github.com",
        "team": "unassigned"
      },
      "statistics": {
        "total_additions": 4,
        "total_deletions": 0,
        "total_changes": 4,
        "files_changed": 1
      },
      "file_changes": [
        {
          "filename": "README.md",
          "status": "modified",
          "additions": 4,
          "deletions": 0,
          "changes": 4
        }
      ]
    },
    {
      "repository": {
        "name": "COHERENCE-25_Interpretrs_web-app",
        "owner": "VivekkumarChauhan",
        "url": "https://github.com/VivekkumarChauhan/COHERENCE-25_Interpretrs_web-app"
      },
      "commit": {
        "sha": "11dad109c74fce8c6c17cf609116664ccc07c253",
        "message": "Add files via upload",
        "date": "2025-03-29T02:56:59+00:00",
        "url": "https://github.com/VivekkumarChauhan/COHERENCE-25_Interpretrs_web-app/commit/11dad109c74fce8c6c17cf609116664ccc07c253",
        "branch": "main"
      },
      "author": {
        "name": "Vivekkumar Chauhan",
        "username": "VivekkumarChauhan",
        "email": "147121528+VivekkumarChauhan@users.noreply.github.com",
        "team": "unassigned"
      },
      "statistics": {
        "total_additions": 187,
        "total_deletions": 0,
        "total_changes": 187,
        "files_changed": 5
      },
      "file_changes": [
        {
          "filename": "maps/a.py",
          "status": "added",
          "additions": 65,
          "deletions": 0,
          "changes": 65
        },
        {
          "filename": "maps/app.py",
          "status": "added",
          "additions": 55,
          "deletions": 0,
          "changes": 55
        },
        {
          "filename": "maps/r.py",
          "status": "added",
          "additions": 37,
          "deletions": 0,
          "changes": 37
        },
        {
          "filename": "maps/req.py",
          "status": "added",
          "additions": 26,
          "deletions": 0,
          "changes": 26
        },
        {
          "filename": "maps/requirements.txt",
          "status": "added",
          "additions": 4,
          "deletions": 0,
          "changes": 4
        }
      ]
    },
    {
      "repository": {
        "name": "COHERENCE-25_Interpretrs_web-app",
        "owner": "VivekkumarChauhan",
        "url": "https://github.com/VivekkumarChauhan/COHERENCE-25_Interpretrs_web-app"
      },
      "commit": {
        "sha": "d6ece52f7a5cf07f6cd9cae80590071d381378c4",
        "message": "Update README.md\n\n5th commit",
        "date": "2025-03-29T02:56:10+00:00",
        "url": "https://github.com/VivekkumarChauhan/COHERENCE-25_Interpretrs_web-app/commit/d6ece52f7a5cf07f6cd9cae80590071d381378c4",
        "branch": "main"
      },
      "author": {
        "name": "Vivekkumar Chauhan",
        "username": "VivekkumarChauhan",
        "email": "147121528+VivekkumarChauhan@users.noreply.github.com",
        "team": "unassigned"
      },
      "statistics": {
        "total_additions": 10,
        "total_deletions": 1,
        "total_changes": 11,
        "files_changed": 1
      },
      "file_changes": [
        {
          "filename": "README.md",
          "status": "modified",
          "additions": 10,
          "deletions": 1,
          "changes": 11
        }
      ]
    },
    {
      "repository": {
        "name": "COHERENCE-25_Interpretrs_web-app",
        "owner": "VivekkumarChauhan",
        "url": "https://github.com/VivekkumarChauhan/COHERENCE-25_Interpretrs_web-app"
      },
      "commit": {
        "sha": "59bfc7e348f210776dd65dd0c08549c602fadd21",
        "message": "Update README.md",
        "date": "2025-03-29T02:54:48+00:00",
        "url": "https://github.com/VivekkumarChauhan/COHERENCE-25_Interpretrs_web-app/commit/59bfc7e348f210776dd65dd0c08549c602fadd21",
        "branch": "main"
      },
      "author": {
        "name": "Vivekkumar Chauhan",
        "username": "VivekkumarChauhan",
        "email": "147121528+VivekkumarChauhan@users.noreply.github.com",
        "team": "unassigned"
      },
      "statistics": {
        "total_additions": 1,
        "total_deletions": 1,
        "total_changes": 2,
        "files_changed": 1
      },
      "file_changes": [
        {
          "filename": "README.md",
          "status": "modified",
          "additions": 1,
          "deletions": 1,
          "changes": 2
        }
      ]
    },
    {
      "repository": {
        "name": "COHERENCE-25_Interpretrs_web-app",
        "owner": "VivekkumarChauhan",
        "url": "https://github.com/VivekkumarChauhan/COHERENCE-25_Interpretrs_web-app"
      },
      "commit": {
        "sha": "28e7b402d83e3606d39d17680d4bfee1914c92bb",
        "message": "Update README.md",
        "date": "2025-03-29T02:54:22+00:00",
        "url": "https://github.com/VivekkumarChauhan/COHERENCE-25_Interpretrs_web-app/commit/28e7b402d83e3606d39d17680d4bfee1914c92bb",
        "branch": "main"
      },
      "author": {
        "name": "Vivekkumar Chauhan",
        "username": "VivekkumarChauhan",
        "email": "147121528+VivekkumarChauhan@users.noreply.github.com",
        "team": "unassigned"
      },
      "statistics": {
        "total_additions": 4,
        "total_deletions": 0,
        "total_changes": 4,
        "files_changed": 1
      },
      "file_changes": [
        {
          "filename": "README.md",
          "status": "modified",
          "additions": 4,
          "deletions": 0,
          "changes": 4
        }
      ]
    },
    {
      "repository": {
        "name": "COHERENCE-25_Interpretrs_web-app",
        "owner": "VivekkumarChauhan",
        "url": "https://github.com/VivekkumarChauhan/COHERENCE-25_Interpretrs_web-app"
      },
      "commit": {
        "sha": "6e276d458bd0956967688e916ef78a43e21c858c",
        "message": "Tracked the new file",
        "date": "2025-03-28T16:00:18+00:00",
        "url": "https://github.com/VivekkumarChauhan/COHERENCE-25_Interpretrs_web-app/commit/6e276d458bd0956967688e916ef78a43e21c858c",
        "branch": "main"
      },
      "author": {
        "name": "Vivek90968",
        "username": "VivekkumarChauhan",
        "email": "147121528+Vivek90968@users.noreply.github.com",
        "team": "unassigned"
      },
      "statistics": {
        "total_additions": 5440,
        "total_deletions": 0,
        "total_changes": 5440,
        "files_changed": 137
      },
      "file_changes": [
        {
          "filename": "nagarsetu/.gitignore",
          "status": "added",
          "additions": 45,
          "deletions": 0,
          "changes": 45
        },
        {
          "filename": "nagarsetu/.metadata",
          "status": "added",
          "additions": 45,
          "deletions": 0,
          "changes": 45
        },
        {
          "filename": "nagarsetu/.vscode/settings.json",
          "status": "added",
          "additions": 3,
          "deletions": 0,
          "changes": 3
        },
        {
          "filename": "nagarsetu/README.md",
          "status": "added",
          "additions": 16,
          "deletions": 0,
          "changes": 16
        },
        {
          "filename": "nagarsetu/analysis_options.yaml",
          "status": "added",
          "additions": 28,
          "deletions": 0,
          "changes": 28
        },
        {
          "filename": "nagarsetu/android/.gitignore",
          "status": "added",
          "additions": 14,
          "deletions": 0,
          "changes": 14
        },
        {
          "filename": "nagarsetu/android/app/build.gradle.kts",
          "status": "added",
          "additions": 43,
          "deletions": 0,
          "changes": 43
        },
        {
          "filename": "nagarsetu/android/app/src/debug/AndroidManifest.xml",
          "status": "added",
          "additions": 7,
          "deletions": 0,
          "changes": 7
        },
        {
          "filename": "nagarsetu/android/app/src/main/AndroidManifest.xml",
          "status": "added",
          "additions": 45,
          "deletions": 0,
          "changes": 45
        },
        {
          "filename": "nagarsetu/android/app/src/main/kotlin/com/example/nagarsetu/MainActivity.kt",
          "status": "added",
          "additions": 5,
          "deletions": 0,
          "changes": 5
        },
        {
          "filename": "nagarsetu/android/app/src/main/res/drawable-v21/launch_background.xml",
          "status": "added",
          "additions": 12,
          "deletions": 0,
          "changes": 12
        },
        {
          "filename": "nagarsetu/android/app/src/main/res/drawable/launch_background.xml",
          "status": "added",
          "additions": 12,
          "deletions": 0,
          "changes": 12
        },
        {
          "filename": "nagarsetu/android/app/src/main/res/mipmap-hdpi/ic_launcher.png",
          "status": "added",
          "additions": 0,
          "deletions": 0,
          "changes": 0
        },
        {
          "filename": "nagarsetu/android/app/src/main/res/mipmap-mdpi/ic_launcher.png",
          "status": "added",
          "additions": 0,
          "deletions": 0,
          "changes": 0
        },
        {
          "filename": "nagarsetu/android/app/src/main/res/mipmap-xhdpi/ic_launcher.png",
          "status": "added",
          "additions": 0,
          "deletions": 0,
          "changes": 0
        },
        {
          "filename": "nagarsetu/android/app/src/main/res/mipmap-xxhdpi/ic_launcher.png",
          "status": "added",
          "additions": 0,
          "deletions": 0,
          "changes": 0
        },
        {
          "filename": "nagarsetu/android/app/src/main/res/mipmap-xxxhdpi/ic_launcher.png",
          "status": "added",
          "additions": 0,
          "deletions": 0,
          "changes": 0
        },
        {
          "filename": "nagarsetu/android/app/src/main/res/values-night/styles.xml",
          "status": "added",
          "additions": 18,
          "deletions": 0,
          "changes": 18
        },
        {
          "filename": "nagarsetu/android/app/src/main/res/values/styles.xml",
          "status": "added",
          "additions": 18,
          "deletions": 0,
          "changes": 18
        },
        {
          "filename": "nagarsetu/android/app/src/profile/AndroidManifest.xml",
          "status": "added",
          "additions": 7,
          "deletions": 0,
          "changes": 7
        },
        {
          "filename": "nagarsetu/android/build.gradle.kts",
          "status": "added",
          "additions": 21,
          "deletions": 0,
          "changes": 21
        },
        {
          "filename": "nagarsetu/android/gradle.properties",
          "status": "added",
          "additions": 3,
          "deletions": 0,
          "changes": 3
        },
        {
          "filename": "nagarsetu/android/gradle/wrapper/gradle-wrapper.properties",
          "status": "added",
          "additions": 5,
          "deletions": 0,
          "changes": 5
        },
        {
          "filename": "nagarsetu/android/settings.gradle.kts",
          "status": "added",
          "additions": 25,
          "deletions": 0,
          "changes": 25
        },
        {
          "filename": "nagarsetu/ios/.gitignore",
          "status": "added",
          "additions": 34,
          "deletions": 0,
          "changes": 34
        },
        {
          "filename": "nagarsetu/ios/Flutter/AppFrameworkInfo.plist",
          "status": "added",
          "additions": 26,
          "deletions": 0,
          "changes": 26
        },
        {
          "filename": "nagarsetu/ios/Flutter/Debug.xcconfig",
          "status": "added",
          "additions": 1,
          "deletions": 0,
          "changes": 1
        },
        {
          "filename": "nagarsetu/ios/Flutter/Release.xcconfig",
          "status": "added",
          "additions": 1,
          "deletions": 0,
          "changes": 1
        },
        {
          "filename": "nagarsetu/ios/Runner.xcodeproj/project.pbxproj",
          "status": "added",
          "additions": 616,
          "deletions": 0,
          "changes": 616
        },
        {
          "filename": "nagarsetu/ios/Runner.xcodeproj/project.xcworkspace/contents.xcworkspacedata",
          "status": "added",
          "additions": 7,
          "deletions": 0,
          "changes": 7
        },
        {
          "filename": "nagarsetu/ios/Runner.xcodeproj/project.xcworkspace/xcshareddata/IDEWorkspaceChecks.plist",
          "status": "added",
          "additions": 8,
          "deletions": 0,
          "changes": 8
        },
        {
          "filename": "nagarsetu/ios/Runner.xcodeproj/project.xcworkspace/xcshareddata/WorkspaceSettings.xcsettings",
          "status": "added",
          "additions": 8,
          "deletions": 0,
          "changes": 8
        },
        {
          "filename": "nagarsetu/ios/Runner.xcodeproj/xcshareddata/xcschemes/Runner.xcscheme",
          "status": "added",
          "additions": 99,
          "deletions": 0,
          "changes": 99
        },
        {
          "filename": "nagarsetu/ios/Runner.xcworkspace/contents.xcworkspacedata",
          "status": "added",
          "additions": 7,
          "deletions": 0,
          "changes": 7
        },
        {
          "filename": "nagarsetu/ios/Runner.xcworkspace/xcshareddata/IDEWorkspaceChecks.plist",
          "status": "added",
          "additions": 8,
          "deletions": 0,
          "changes": 8
        },
        {
          "filename": "nagarsetu/ios/Runner.xcworkspace/xcshareddata/WorkspaceSettings.xcsettings",
          "status": "added",
          "additions": 8,
          "deletions": 0,
          "changes": 8
        },
        {
          "filename": "nagarsetu/ios/Runner/AppDelegate.swift",
          "status": "added",
          "additions": 13,
          "deletions": 0,
          "changes": 13
        },
        {
          "filename": "nagarsetu/ios/Runner/Assets.xcassets/AppIcon.appiconset/Contents.json",
          "status": "added",
          "additions": 122,
          "deletions": 0,
          "changes": 122
        },
        {
          "filename": "nagarsetu/ios/Runner/Assets.xcassets/AppIcon.appiconset/Icon-App-1024x1024@1x.png",
          "status": "added",
          "additions": 0,
          "deletions": 0,
          "changes": 0
        },
        {
          "filename": "nagarsetu/ios/Runner/Assets.xcassets/AppIcon.appiconset/Icon-App-20x20@1x.png",
          "status": "added",
          "additions": 0,
          "deletions": 0,
          "changes": 0
        },
        {
          "filename": "nagarsetu/ios/Runner/Assets.xcassets/AppIcon.appiconset/Icon-App-20x20@2x.png",
          "status": "added",
          "additions": 0,
          "deletions": 0,
          "changes": 0
        },
        {
          "filename": "nagarsetu/ios/Runner/Assets.xcassets/AppIcon.appiconset/Icon-App-20x20@3x.png",
          "status": "added",
          "additions": 0,
          "deletions": 0,
          "changes": 0
        },
        {
          "filename": "nagarsetu/ios/Runner/Assets.xcassets/AppIcon.appiconset/Icon-App-29x29@1x.png",
          "status": "added",
          "additions": 0,
          "deletions": 0,
          "changes": 0
        },
        {
          "filename": "nagarsetu/ios/Runner/Assets.xcassets/AppIcon.appiconset/Icon-App-29x29@2x.png",
          "status": "added",
          "additions": 0,
          "deletions": 0,
          "changes": 0
        },
        {
          "filename": "nagarsetu/ios/Runner/Assets.xcassets/AppIcon.appiconset/Icon-App-29x29@3x.png",
          "status": "added",
          "additions": 0,
          "deletions": 0,
          "changes": 0
        },
        {
          "filename": "nagarsetu/ios/Runner/Assets.xcassets/AppIcon.appiconset/Icon-App-40x40@1x.png",
          "status": "added",
          "additions": 0,
          "deletions": 0,
          "changes": 0
        },
        {
          "filename": "nagarsetu/ios/Runner/Assets.xcassets/AppIcon.appiconset/Icon-App-40x40@2x.png",
          "status": "added",
          "additions": 0,
          "deletions": 0,
          "changes": 0
        },
        {
          "filename": "nagarsetu/ios/Runner/Assets.xcassets/AppIcon.appiconset/Icon-App-40x40@3x.png",
          "status": "added",
          "additions": 0,
          "deletions": 0,
          "changes": 0
        },
        {
          "filename": "nagarsetu/ios/Runner/Assets.xcassets/AppIcon.appiconset/Icon-App-60x60@2x.png",
          "status": "added",
          "additions": 0,
          "deletions": 0,
          "changes": 0
        },
        {
          "filename": "nagarsetu/ios/Runner/Assets.xcassets/AppIcon.appiconset/Icon-App-60x60@3x.png",
          "status": "added",
          "additions": 0,
          "deletions": 0,
          "changes": 0
        },
        {
          "filename": "nagarsetu/ios/Runner/Assets.xcassets/AppIcon.appiconset/Icon-App-76x76@1x.png",
          "status": "added",
          "additions": 0,
          "deletions": 0,
          "changes": 0
        },
        {
          "filename": "nagarsetu/ios/Runner/Assets.xcassets/AppIcon.appiconset/Icon-App-76x76@2x.png",
          "status": "added",
          "additions": 0,
          "deletions": 0,
          "changes": 0
        },
        {
          "filename": "nagarsetu/ios/Runner/Assets.xcassets/AppIcon.appiconset/Icon-App-83.5x83.5@2x.png",
          "status": "added",
          "additions": 0,
          "deletions": 0,
          "changes": 0
        },
        {
          "filename": "nagarsetu/ios/Runner/Assets.xcassets/LaunchImage.imageset/Contents.json",
          "status": "added",
          "additions": 23,
          "deletions": 0,
          "changes": 23
        },
        {
          "filename": "nagarsetu/ios/Runner/Assets.xcassets/LaunchImage.imageset/LaunchImage.png",
          "status": "added",
          "additions": 0,
          "deletions": 0,
          "changes": 0
        },
        {
          "filename": "nagarsetu/ios/Runner/Assets.xcassets/LaunchImage.imageset/LaunchImage@2x.png",
          "status": "added",
          "additions": 0,
          "deletions": 0,
          "changes": 0
        },
        {
          "filename": "nagarsetu/ios/Runner/Assets.xcassets/LaunchImage.imageset/LaunchImage@3x.png",
          "status": "added",
          "additions": 0,
          "deletions": 0,
          "changes": 0
        },
        {
          "filename": "nagarsetu/ios/Runner/Assets.xcassets/LaunchImage.imageset/README.md",
          "status": "added",
          "additions": 5,
          "deletions": 0,
          "changes": 5
        },
        {
          "filename": "nagarsetu/ios/Runner/Base.lproj/LaunchScreen.storyboard",
          "status": "added",
          "additions": 37,
          "deletions": 0,
          "changes": 37
        },
        {
          "filename": "nagarsetu/ios/Runner/Base.lproj/Main.storyboard",
          "status": "added",
          "additions": 26,
          "deletions": 0,
          "changes": 26
        },
        {
          "filename": "nagarsetu/ios/Runner/Info.plist",
          "status": "added",
          "additions": 49,
          "deletions": 0,
          "changes": 49
        },
        {
          "filename": "nagarsetu/ios/Runner/Runner-Bridging-Header.h",
          "status": "added",
          "additions": 1,
          "deletions": 0,
          "changes": 1
        },
        {
          "filename": "nagarsetu/ios/RunnerTests/RunnerTests.swift",
          "status": "added",
          "additions": 12,
          "deletions": 0,
          "changes": 12
        },
        {
          "filename": "nagarsetu/lib/main.dart",
          "status": "added",
          "additions": 21,
          "deletions": 0,
          "changes": 21
        },
        {
          "filename": "nagarsetu/lib/screens/home.dart",
          "status": "added",
          "additions": 126,
          "deletions": 0,
          "changes": 126
        },
        {
          "filename": "nagarsetu/lib/screens/login.dart",
          "status": "added",
          "additions": 88,
          "deletions": 0,
          "changes": 88
        },
        {
          "filename": "nagarsetu/lib/screens/register.dart",
          "status": "added",
          "additions": 72,
          "deletions": 0,
          "changes": 72
        },
        {
          "filename": "nagarsetu/lib/services/api_service.dart",
          "status": "added",
          "additions": 24,
          "deletions": 0,
          "changes": 24
        },
        {
          "filename": "nagarsetu/lib/utils/colors.dart",
          "status": "added",
          "additions": 6,
          "deletions": 0,
          "changes": 6
        },
        {
          "filename": "nagarsetu/lib/utils/theme.dart",
          "status": "added",
          "additions": 76,
          "deletions": 0,
          "changes": 76
        },
        {
          "filename": "nagarsetu/lib/utils/validators.dart",
          "status": "added",
          "additions": 15,
          "deletions": 0,
          "changes": 15
        },
        {
          "filename": "nagarsetu/linux/.gitignore",
          "status": "added",
          "additions": 1,
          "deletions": 0,
          "changes": 1
        },
        {
          "filename": "nagarsetu/linux/CMakeLists.txt",
          "status": "added",
          "additions": 128,
          "deletions": 0,
          "changes": 128
        },
        {
          "filename": "nagarsetu/linux/flutter/CMakeLists.txt",
          "status": "added",
          "additions": 88,
          "deletions": 0,
          "changes": 88
        },
        {
          "filename": "nagarsetu/linux/flutter/generated_plugin_registrant.cc",
          "status": "added",
          "additions": 11,
          "deletions": 0,
          "changes": 11
        },
        {
          "filename": "nagarsetu/linux/flutter/generated_plugin_registrant.h",
          "status": "added",
          "additions": 15,
          "deletions": 0,
          "changes": 15
        },
        {
          "filename": "nagarsetu/linux/flutter/generated_plugins.cmake",
          "status": "added",
          "additions": 23,
          "deletions": 0,
          "changes": 23
        },
        {
          "filename": "nagarsetu/linux/runner/CMakeLists.txt",
          "status": "added",
          "additions": 26,
          "deletions": 0,
          "changes": 26
        },
        {
          "filename": "nagarsetu/linux/runner/main.cc",
          "status": "added",
          "additions": 6,
          "deletions": 0,
          "changes": 6
        },
        {
          "filename": "nagarsetu/linux/runner/my_application.cc",
          "status": "added",
          "additions": 130,
          "deletions": 0,
          "changes": 130
        },
        {
          "filename": "nagarsetu/linux/runner/my_application.h",
          "status": "added",
          "additions": 18,
          "deletions": 0,
          "changes": 18
        },
        {
          "filename": "nagarsetu/macos/.gitignore",
          "status": "added",
          "additions": 7,
          "deletions": 0,
          "changes": 7
        },
        {
          "filename": "nagarsetu/macos/Flutter/Flutter-Debug.xcconfig",
          "status": "added",
          "additions": 1,
          "deletions": 0,
          "changes": 1
        },
        {
          "filename": "nagarsetu/macos/Flutter/Flutter-Release.xcconfig",
          "status": "added",
          "additions": 1,
          "deletions": 0,
          "changes": 1
        },
        {
          "filename": "nagarsetu/macos/Flutter/GeneratedPluginRegistrant.swift",
          "status": "added",
          "additions": 14,
          "deletions": 0,
          "changes": 14
        },
        {
          "filename": "nagarsetu/macos/Runner.xcodeproj/project.pbxproj",
          "status": "added",
          "additions": 705,
          "deletions": 0,
          "changes": 705
        },
        {
          "filename": "nagarsetu/macos/Runner.xcodeproj/project.xcworkspace/xcshareddata/IDEWorkspaceChecks.plist",
          "status": "added",
          "additions": 8,
          "deletions": 0,
          "changes": 8
        },
        {
          "filename": "nagarsetu/macos/Runner.xcodeproj/xcshareddata/xcschemes/Runner.xcscheme",
          "status": "added",
          "additions": 99,
          "deletions": 0,
          "changes": 99
        },
        {
          "filename": "nagarsetu/macos/Runner.xcworkspace/contents.xcworkspacedata",
          "status": "added",
          "additions": 7,
          "deletions": 0,
          "changes": 7
        },
        {
          "filename": "nagarsetu/macos/Runner.xcworkspace/xcshareddata/IDEWorkspaceChecks.plist",
          "status": "added",
          "additions": 8,
          "deletions": 0,
          "changes": 8
        },
        {
          "filename": "nagarsetu/macos/Runner/AppDelegate.swift",
          "status": "added",
          "additions": 13,
          "deletions": 0,
          "changes": 13
        },
        {
          "filename": "nagarsetu/macos/Runner/Assets.xcassets/AppIcon.appiconset/Contents.json",
          "status": "added",
          "additions": 68,
          "deletions": 0,
          "changes": 68
        },
        {
          "filename": "nagarsetu/macos/Runner/Assets.xcassets/AppIcon.appiconset/app_icon_1024.png",
          "status": "added",
          "additions": 0,
          "deletions": 0,
          "changes": 0
        },
        {
          "filename": "nagarsetu/macos/Runner/Assets.xcassets/AppIcon.appiconset/app_icon_128.png",
          "status": "added",
          "additions": 0,
          "deletions": 0,
          "changes": 0
        },
        {
          "filename": "nagarsetu/macos/Runner/Assets.xcassets/AppIcon.appiconset/app_icon_16.png",
          "status": "added",
          "additions": 0,
          "deletions": 0,
          "changes": 0
        },
        {
          "filename": "nagarsetu/macos/Runner/Assets.xcassets/AppIcon.appiconset/app_icon_256.png",
          "status": "added",
          "additions": 0,
          "deletions": 0,
          "changes": 0
        },
        {
          "filename": "nagarsetu/macos/Runner/Assets.xcassets/AppIcon.appiconset/app_icon_32.png",
          "status": "added",
          "additions": 0,
          "deletions": 0,
          "changes": 0
        },
        {
          "filename": "nagarsetu/macos/Runner/Assets.xcassets/AppIcon.appiconset/app_icon_512.png",
          "status": "added",
          "additions": 0,
          "deletions": 0,
          "changes": 0
        },
        {
          "filename": "nagarsetu/macos/Runner/Assets.xcassets/AppIcon.appiconset/app_icon_64.png",
          "status": "added",
          "additions": 0,
          "deletions": 0,
          "changes": 0
        },
        {
          "filename": "nagarsetu/macos/Runner/Base.lproj/MainMenu.xib",
          "status": "added",
          "additions": 343,
          "deletions": 0,
          "changes": 343
        },
        {
          "filename": "nagarsetu/macos/Runner/Configs/AppInfo.xcconfig",
          "status": "added",
          "additions": 14,
          "deletions": 0,
          "changes": 14
        },
        {
          "filename": "nagarsetu/macos/Runner/Configs/Debug.xcconfig",
          "status": "added",
          "additions": 2,
          "deletions": 0,
          "changes": 2
        },
        {
          "filename": "nagarsetu/macos/Runner/Configs/Release.xcconfig",
          "status": "added",
          "additions": 2,
          "deletions": 0,
          "changes": 2
        },
        {
          "filename": "nagarsetu/macos/Runner/Configs/Warnings.xcconfig",
          "status": "added",
          "additions": 13,
          "deletions": 0,
          "changes": 13
        },
        {
          "filename": "nagarsetu/macos/Runner/DebugProfile.entitlements",
          "status": "added",
          "additions": 12,
          "deletions": 0,
          "changes": 12
        },
        {
          "filename": "nagarsetu/macos/Runner/Info.plist",
          "status": "added",
          "additions": 32,
          "deletions": 0,
          "changes": 32
        },
        {
          "filename": "nagarsetu/macos/Runner/MainFlutterWindow.swift",
          "status": "added",
          "additions": 15,
          "deletions": 0,
          "changes": 15
        },
        {
          "filename": "nagarsetu/macos/Runner/Release.entitlements",
          "status": "added",
          "additions": 8,
          "deletions": 0,
          "changes": 8
        },
        {
          "filename": "nagarsetu/macos/RunnerTests/RunnerTests.swift",
          "status": "added",
          "additions": 12,
          "deletions": 0,
          "changes": 12
        },
        {
          "filename": "nagarsetu/pubspec.lock",
          "status": "added",
          "additions": 410,
          "deletions": 0,
          "changes": 410
        },
        {
          "filename": "nagarsetu/pubspec.yaml",
          "status": "added",
          "additions": 91,
          "deletions": 0,
          "changes": 91
        },
        {
          "filename": "nagarsetu/test/widget_test.dart",
          "status": "added",
          "additions": 30,
          "deletions": 0,
          "changes": 30
        },
        {
          "filename": "nagarsetu/web/favicon.png",
          "status": "added",
          "additions": 0,
          "deletions": 0,
          "changes": 0
        },
        {
          "filename": "nagarsetu/web/icons/Icon-192.png",
          "status": "added",
          "additions": 0,
          "deletions": 0,
          "changes": 0
        },
        {
          "filename": "nagarsetu/web/icons/Icon-512.png",
          "status": "added",
          "additions": 0,
          "deletions": 0,
          "changes": 0
        },
        {
          "filename": "nagarsetu/web/icons/Icon-maskable-192.png",
          "status": "added",
          "additions": 0,
          "deletions": 0,
          "changes": 0
        },
        {
          "filename": "nagarsetu/web/icons/Icon-maskable-512.png",
          "status": "added",
          "additions": 0,
          "deletions": 0,
          "changes": 0
        },
        {
          "filename": "nagarsetu/web/index.html",
          "status": "added",
          "additions": 38,
          "deletions": 0,
          "changes": 38
        },
        {
          "filename": "nagarsetu/web/manifest.json",
          "status": "added",
          "additions": 35,
          "deletions": 0,
          "changes": 35
        },
        {
          "filename": "nagarsetu/windows/.gitignore",
          "status": "added",
          "additions": 17,
          "deletions": 0,
          "changes": 17
        },
        {
          "filename": "nagarsetu/windows/CMakeLists.txt",
          "status": "added",
          "additions": 108,
          "deletions": 0,
          "changes": 108
        },
        {
          "filename": "nagarsetu/windows/flutter/CMakeLists.txt",
          "status": "added",
          "additions": 109,
          "deletions": 0,
          "changes": 109
        },
        {
          "filename": "nagarsetu/windows/flutter/generated_plugin_registrant.cc",
          "status": "added",
          "additions": 11,
          "deletions": 0,
          "changes": 11
        },
        {
          "filename": "nagarsetu/windows/flutter/generated_plugin_registrant.h",
          "status": "added",
          "additions": 15,
          "deletions": 0,
          "changes": 15
        },
        {
          "filename": "nagarsetu/windows/flutter/generated_plugins.cmake",
          "status": "added",
          "additions": 23,
          "deletions": 0,
          "changes": 23
        },
        {
          "filename": "nagarsetu/windows/runner/CMakeLists.txt",
          "status": "added",
          "additions": 40,
          "deletions": 0,
          "changes": 40
        },
        {
          "filename": "nagarsetu/windows/runner/Runner.rc",
          "status": "added",
          "additions": 121,
          "deletions": 0,
          "changes": 121
        },
        {
          "filename": "nagarsetu/windows/runner/flutter_window.cpp",
          "status": "added",
          "additions": 71,
          "deletions": 0,
          "changes": 71
        },
        {
          "filename": "nagarsetu/windows/runner/flutter_window.h",
          "status": "added",
          "additions": 33,
          "deletions": 0,
          "changes": 33
        },
        {
          "filename": "nagarsetu/windows/runner/main.cpp",
          "status": "added",
          "additions": 43,
          "deletions": 0,
          "changes": 43
        },
        {
          "filename": "nagarsetu/windows/runner/resource.h",
          "status": "added",
          "additions": 16,
          "deletions": 0,
          "changes": 16
        },
        {
          "filename": "nagarsetu/windows/runner/resources/app_icon.ico",
          "status": "added",
          "additions": 0,
          "deletions": 0,
          "changes": 0
        },
        {
          "filename": "nagarsetu/windows/runner/runner.exe.manifest",
          "status": "added",
          "additions": 14,
          "deletions": 0,
          "changes": 14
        },
        {
          "filename": "nagarsetu/windows/runner/utils.cpp",
          "status": "added",
          "additions": 65,
          "deletions": 0,
          "changes": 65
        },
        {
          "filename": "nagarsetu/windows/runner/utils.h",
          "status": "added",
          "additions": 19,
          "deletions": 0,
          "changes": 19
        },
        {
          "filename": "nagarsetu/windows/runner/win32_window.cpp",
          "status": "added",
          "additions": 288,
          "deletions": 0,
          "changes": 288
        },
        {
          "filename": "nagarsetu/windows/runner/win32_window.h",
          "status": "added",
          "additions": 102,
          "deletions": 0,
          "changes": 102
        }
      ]
    },
    {
      "repository": {
        "name": "COHERENCE-25_Interpretrs_web-app",
        "owner": "VivekkumarChauhan",
        "url": "https://github.com/VivekkumarChauhan/COHERENCE-25_Interpretrs_web-app"
      },
      "commit": {
        "sha": "925febbe17231cb4a5a4c6e0eac0a0ae384fd90c",
        "message": "second commit",
        "date": "2025-03-28T12:22:38+00:00",
        "url": "https://github.com/VivekkumarChauhan/COHERENCE-25_Interpretrs_web-app/commit/925febbe17231cb4a5a4c6e0eac0a0ae384fd90c",
        "branch": "main"
      },
      "author": {
        "name": "Vivek90968",
        "username": "VivekkumarChauhan",
        "email": "147121528+Vivek90968@users.noreply.github.com",
        "team": "unassigned"
      },
      "statistics": {
        "total_additions": 143,
        "total_deletions": 132,
        "total_changes": 275,
        "files_changed": 7
      },
      "file_changes": [
        {
          "filename": ".vscode/settings.json",
          "status": "added",
          "additions": 3,
          "deletions": 0,
          "changes": 3
        },
        {
          "filename": "android/app/build.gradle.kts",
          "status": "modified",
          "additions": 20,
          "deletions": 17,
          "changes": 37
        },
        {
          "filename": "lib/authentication/login_screen/login_page.dart",
          "status": "modified",
          "additions": 106,
          "deletions": 107,
          "changes": 213
        },
        {
          "filename": "lib/bottombar_screen/bottom_bar_page.dart",
          "status": "modified",
          "additions": 0,
          "deletions": 3,
          "changes": 3
        },
        {
          "filename": "lib/pages/home_page.dart",
          "status": "added",
          "additions": 9,
          "deletions": 0,
          "changes": 9
        },
        {
          "filename": "pubspec.lock",
          "status": "modified",
          "additions": 4,
          "deletions": 4,
          "changes": 8
        },
        {
          "filename": "pubspec.yaml",
          "status": "modified",
          "additions": 1,
          "deletions": 1,
          "changes": 2
        }
      ]
    },
    {
      "repository": {
        "name": "COHERENCE-25_Interpretrs_web-app",
        "owner": "VivekkumarChauhan",
        "url": "https://github.com/VivekkumarChauhan/COHERENCE-25_Interpretrs_web-app"
      },
      "commit": {
        "sha": "bca3cb55ef04f071db07a1e27b61814ba9b51b62",
        "message": "Update README.md",
        "date": "2025-03-28T11:35:09+00:00",
        "url": "https://github.com/VivekkumarChauhan/COHERENCE-25_Interpretrs_web-app/commit/bca3cb55ef04f071db07a1e27b61814ba9b51b62",
        "branch": "main"
      },
      "author": {
        "name": "Vivekkumar Chauhan",
        "username": "VivekkumarChauhan",
        "email": "147121528+VivekkumarChauhan@users.noreply.github.com",
        "team": "unassigned"
      },
      "statistics": {
        "total_additions": 1,
        "total_deletions": 0,
        "total_changes": 1,
        "files_changed": 1
      },
      "file_changes": [
        {
          "filename": "README.md",
          "status": "modified",
          "additions": 1,
          "deletions": 0,
          "changes": 1
        }
      ]
    },
    {
      "repository": {
        "name": "COHERENCE-25_Interpretrs_web-app",
        "owner": "VivekkumarChauhan",
        "url": "https://github.com/VivekkumarChauhan/COHERENCE-25_Interpretrs_web-app"
      },
      "commit": {
        "sha": "2b735bcf55d66d8085c060a552b322fe05cb72d5",
        "message": "First comit",
        "date": "2025-03-28T11:33:37+00:00",
        "url": "https://github.com/VivekkumarChauhan/COHERENCE-25_Interpretrs_web-app/commit/2b735bcf55d66d8085c060a552b322fe05cb72d5",
        "branch": "main"
      },
      "author": {
        "name": "Vivek90968",
        "username": "VivekkumarChauhan",
        "email": "147121528+Vivek90968@users.noreply.github.com",
        "team": "unassigned"
      },
      "statistics": {
        "total_additions": 6314,
        "total_deletions": 0,
        "total_changes": 6314,
        "files_changed": 133
      },
      "file_changes": [
        {
          "filename": ".gitignore",
          "status": "added",
          "additions": 45,
          "deletions": 0,
          "changes": 45
        },
        {
          "filename": ".metadata",
          "status": "added",
          "additions": 45,
          "deletions": 0,
          "changes": 45
        },
        {
          "filename": "README.md",
          "status": "added",
          "additions": 16,
          "deletions": 0,
          "changes": 16
        },
        {
          "filename": "analysis_options.yaml",
          "status": "added",
          "additions": 28,
          "deletions": 0,
          "changes": 28
        },
        {
          "filename": "android/.gitignore",
          "status": "added",
          "additions": 14,
          "deletions": 0,
          "changes": 14
        },
        {
          "filename": "android/app/build.gradle.kts",
          "status": "added",
          "additions": 44,
          "deletions": 0,
          "changes": 44
        },
        {
          "filename": "android/app/src/debug/AndroidManifest.xml",
          "status": "added",
          "additions": 7,
          "deletions": 0,
          "changes": 7
        },
        {
          "filename": "android/app/src/main/AndroidManifest.xml",
          "status": "added",
          "additions": 45,
          "deletions": 0,
          "changes": 45
        },
        {
          "filename": "android/app/src/main/kotlin/com/example/nagarsetu/MainActivity.kt",
          "status": "added",
          "additions": 5,
          "deletions": 0,
          "changes": 5
        },
        {
          "filename": "android/app/src/main/res/drawable-v21/launch_background.xml",
          "status": "added",
          "additions": 12,
          "deletions": 0,
          "changes": 12
        },
        {
          "filename": "android/app/src/main/res/drawable/launch_background.xml",
          "status": "added",
          "additions": 12,
          "deletions": 0,
          "changes": 12
        },
        {
          "filename": "android/app/src/main/res/mipmap-hdpi/ic_launcher.png",
          "status": "added",
          "additions": 0,
          "deletions": 0,
          "changes": 0
        },
        {
          "filename": "android/app/src/main/res/mipmap-mdpi/ic_launcher.png",
          "status": "added",
          "additions": 0,
          "deletions": 0,
          "changes": 0
        },
        {
          "filename": "android/app/src/main/res/mipmap-xhdpi/ic_launcher.png",
          "status": "added",
          "additions": 0,
          "deletions": 0,
          "changes": 0
        },
        {
          "filename": "android/app/src/main/res/mipmap-xxhdpi/ic_launcher.png",
          "status": "added",
          "additions": 0,
          "deletions": 0,
          "changes": 0
        },
        {
          "filename": "android/app/src/main/res/mipmap-xxxhdpi/ic_launcher.png",
          "status": "added",
          "additions": 0,
          "deletions": 0,
          "changes": 0
        },
        {
          "filename": "android/app/src/main/res/values-night/styles.xml",
          "status": "added",
          "additions": 18,
          "deletions": 0,
          "changes": 18
        },
        {
          "filename": "android/app/src/main/res/values/styles.xml",
          "status": "added",
          "additions": 18,
          "deletions": 0,
          "changes": 18
        },
        {
          "filename": "android/app/src/profile/AndroidManifest.xml",
          "status": "added",
          "additions": 7,
          "deletions": 0,
          "changes": 7
        },
        {
          "filename": "android/build.gradle.kts",
          "status": "added",
          "additions": 21,
          "deletions": 0,
          "changes": 21
        },
        {
          "filename": "android/gradle.properties",
          "status": "added",
          "additions": 3,
          "deletions": 0,
          "changes": 3
        },
        {
          "filename": "android/gradle/wrapper/gradle-wrapper.properties",
          "status": "added",
          "additions": 5,
          "deletions": 0,
          "changes": 5
        },
        {
          "filename": "android/settings.gradle.kts",
          "status": "added",
          "additions": 25,
          "deletions": 0,
          "changes": 25
        },
        {
          "filename": "ios/.gitignore",
          "status": "added",
          "additions": 34,
          "deletions": 0,
          "changes": 34
        },
        {
          "filename": "ios/Flutter/AppFrameworkInfo.plist",
          "status": "added",
          "additions": 26,
          "deletions": 0,
          "changes": 26
        },
        {
          "filename": "ios/Flutter/Debug.xcconfig",
          "status": "added",
          "additions": 1,
          "deletions": 0,
          "changes": 1
        },
        {
          "filename": "ios/Flutter/Release.xcconfig",
          "status": "added",
          "additions": 1,
          "deletions": 0,
          "changes": 1
        },
        {
          "filename": "ios/Runner.xcodeproj/project.pbxproj",
          "status": "added",
          "additions": 616,
          "deletions": 0,
          "changes": 616
        },
        {
          "filename": "ios/Runner.xcodeproj/project.xcworkspace/contents.xcworkspacedata",
          "status": "added",
          "additions": 7,
          "deletions": 0,
          "changes": 7
        },
        {
          "filename": "ios/Runner.xcodeproj/project.xcworkspace/xcshareddata/IDEWorkspaceChecks.plist",
          "status": "added",
          "additions": 8,
          "deletions": 0,
          "changes": 8
        },
        {
          "filename": "ios/Runner.xcodeproj/project.xcworkspace/xcshareddata/WorkspaceSettings.xcsettings",
          "status": "added",
          "additions": 8,
          "deletions": 0,
          "changes": 8
        },
        {
          "filename": "ios/Runner.xcodeproj/xcshareddata/xcschemes/Runner.xcscheme",
          "status": "added",
          "additions": 99,
          "deletions": 0,
          "changes": 99
        },
        {
          "filename": "ios/Runner.xcworkspace/contents.xcworkspacedata",
          "status": "added",
          "additions": 7,
          "deletions": 0,
          "changes": 7
        },
        {
          "filename": "ios/Runner.xcworkspace/xcshareddata/IDEWorkspaceChecks.plist",
          "status": "added",
          "additions": 8,
          "deletions": 0,
          "changes": 8
        },
        {
          "filename": "ios/Runner.xcworkspace/xcshareddata/WorkspaceSettings.xcsettings",
          "status": "added",
          "additions": 8,
          "deletions": 0,
          "changes": 8
        },
        {
          "filename": "ios/Runner/AppDelegate.swift",
          "status": "added",
          "additions": 13,
          "deletions": 0,
          "changes": 13
        },
        {
          "filename": "ios/Runner/Assets.xcassets/AppIcon.appiconset/Contents.json",
          "status": "added",
          "additions": 122,
          "deletions": 0,
          "changes": 122
        },
        {
          "filename": "ios/Runner/Assets.xcassets/AppIcon.appiconset/Icon-App-1024x1024@1x.png",
          "status": "added",
          "additions": 0,
          "deletions": 0,
          "changes": 0
        },
        {
          "filename": "ios/Runner/Assets.xcassets/AppIcon.appiconset/Icon-App-20x20@1x.png",
          "status": "added",
          "additions": 0,
          "deletions": 0,
          "changes": 0
        },
        {
          "filename": "ios/Runner/Assets.xcassets/AppIcon.appiconset/Icon-App-20x20@2x.png",
          "status": "added",
          "additions": 0,
          "deletions": 0,
          "changes": 0
        },
        {
          "filename": "ios/Runner/Assets.xcassets/AppIcon.appiconset/Icon-App-20x20@3x.png",
          "status": "added",
          "additions": 0,
          "deletions": 0,
          "changes": 0
        },
        {
          "filename": "ios/Runner/Assets.xcassets/AppIcon.appiconset/Icon-App-29x29@1x.png",
          "status": "added",
          "additions": 0,
          "deletions": 0,
          "changes": 0
        },
        {
          "filename": "ios/Runner/Assets.xcassets/AppIcon.appiconset/Icon-App-29x29@2x.png",
          "status": "added",
          "additions": 0,
          "deletions": 0,
          "changes": 0
        },
        {
          "filename": "ios/Runner/Assets.xcassets/AppIcon.appiconset/Icon-App-29x29@3x.png",
          "status": "added",
          "additions": 0,
          "deletions": 0,
          "changes": 0
        },
        {
          "filename": "ios/Runner/Assets.xcassets/AppIcon.appiconset/Icon-App-40x40@1x.png",
          "status": "added",
          "additions": 0,
          "deletions": 0,
          "changes": 0
        },
        {
          "filename": "ios/Runner/Assets.xcassets/AppIcon.appiconset/Icon-App-40x40@2x.png",
          "status": "added",
          "additions": 0,
          "deletions": 0,
          "changes": 0
        },
        {
          "filename": "ios/Runner/Assets.xcassets/AppIcon.appiconset/Icon-App-40x40@3x.png",
          "status": "added",
          "additions": 0,
          "deletions": 0,
          "changes": 0
        },
        {
          "filename": "ios/Runner/Assets.xcassets/AppIcon.appiconset/Icon-App-60x60@2x.png",
          "status": "added",
          "additions": 0,
          "deletions": 0,
          "changes": 0
        },
        {
          "filename": "ios/Runner/Assets.xcassets/AppIcon.appiconset/Icon-App-60x60@3x.png",
          "status": "added",
          "additions": 0,
          "deletions": 0,
          "changes": 0
        },
        {
          "filename": "ios/Runner/Assets.xcassets/AppIcon.appiconset/Icon-App-76x76@1x.png",
          "status": "added",
          "additions": 0,
          "deletions": 0,
          "changes": 0
        },
        {
          "filename": "ios/Runner/Assets.xcassets/AppIcon.appiconset/Icon-App-76x76@2x.png",
          "status": "added",
          "additions": 0,
          "deletions": 0,
          "changes": 0
        },
        {
          "filename": "ios/Runner/Assets.xcassets/AppIcon.appiconset/Icon-App-83.5x83.5@2x.png",
          "status": "added",
          "additions": 0,
          "deletions": 0,
          "changes": 0
        },
        {
          "filename": "ios/Runner/Assets.xcassets/LaunchImage.imageset/Contents.json",
          "status": "added",
          "additions": 23,
          "deletions": 0,
          "changes": 23
        },
        {
          "filename": "ios/Runner/Assets.xcassets/LaunchImage.imageset/LaunchImage.png",
          "status": "added",
          "additions": 0,
          "deletions": 0,
          "changes": 0
        },
        {
          "filename": "ios/Runner/Assets.xcassets/LaunchImage.imageset/LaunchImage@2x.png",
          "status": "added",
          "additions": 0,
          "deletions": 0,
          "changes": 0
        },
        {
          "filename": "ios/Runner/Assets.xcassets/LaunchImage.imageset/LaunchImage@3x.png",
          "status": "added",
          "additions": 0,
          "deletions": 0,
          "changes": 0
        },
        {
          "filename": "ios/Runner/Assets.xcassets/LaunchImage.imageset/README.md",
          "status": "added",
          "additions": 5,
          "deletions": 0,
          "changes": 5
        },
        {
          "filename": "ios/Runner/Base.lproj/LaunchScreen.storyboard",
          "status": "added",
          "additions": 37,
          "deletions": 0,
          "changes": 37
        },
        {
          "filename": "ios/Runner/Base.lproj/Main.storyboard",
          "status": "added",
          "additions": 26,
          "deletions": 0,
          "changes": 26
        },
        {
          "filename": "ios/Runner/Info.plist",
          "status": "added",
          "additions": 49,
          "deletions": 0,
          "changes": 49
        },
        {
          "filename": "ios/Runner/Runner-Bridging-Header.h",
          "status": "added",
          "additions": 1,
          "deletions": 0,
          "changes": 1
        },
        {
          "filename": "ios/RunnerTests/RunnerTests.swift",
          "status": "added",
          "additions": 12,
          "deletions": 0,
          "changes": 12
        },
        {
          "filename": "lib/authentication/login_screen/login_page.dart",
          "status": "added",
          "additions": 253,
          "deletions": 0,
          "changes": 253
        },
        {
          "filename": "lib/authentication/registration_screen/register_page.dart",
          "status": "added",
          "additions": 177,
          "deletions": 0,
          "changes": 177
        },
        {
          "filename": "lib/bottombar_screen/bottom_bar_page.dart",
          "status": "added",
          "additions": 128,
          "deletions": 0,
          "changes": 128
        },
        {
          "filename": "lib/main.dart",
          "status": "added",
          "additions": 123,
          "deletions": 0,
          "changes": 123
        },
        {
          "filename": "lib/util/colors.dart",
          "status": "added",
          "additions": 10,
          "deletions": 0,
          "changes": 10
        },
        {
          "filename": "linux/.gitignore",
          "status": "added",
          "additions": 1,
          "deletions": 0,
          "changes": 1
        },
        {
          "filename": "linux/CMakeLists.txt",
          "status": "added",
          "additions": 128,
          "deletions": 0,
          "changes": 128
        },
        {
          "filename": "linux/flutter/CMakeLists.txt",
          "status": "added",
          "additions": 88,
          "deletions": 0,
          "changes": 88
        },
        {
          "filename": "linux/flutter/generated_plugin_registrant.cc",
          "status": "added",
          "additions": 19,
          "deletions": 0,
          "changes": 19
        },
        {
          "filename": "linux/flutter/generated_plugin_registrant.h",
          "status": "added",
          "additions": 15,
          "deletions": 0,
          "changes": 15
        },
        {
          "filename": "linux/flutter/generated_plugins.cmake",
          "status": "added",
          "additions": 26,
          "deletions": 0,
          "changes": 26
        },
        {
          "filename": "linux/runner/CMakeLists.txt",
          "status": "added",
          "additions": 26,
          "deletions": 0,
          "changes": 26
        },
        {
          "filename": "linux/runner/main.cc",
          "status": "added",
          "additions": 6,
          "deletions": 0,
          "changes": 6
        },
        {
          "filename": "linux/runner/my_application.cc",
          "status": "added",
          "additions": 130,
          "deletions": 0,
          "changes": 130
        },
        {
          "filename": "linux/runner/my_application.h",
          "status": "added",
          "additions": 18,
          "deletions": 0,
          "changes": 18
        },
        {
          "filename": "macos/.gitignore",
          "status": "added",
          "additions": 7,
          "deletions": 0,
          "changes": 7
        },
        {
          "filename": "macos/Flutter/Flutter-Debug.xcconfig",
          "status": "added",
          "additions": 1,
          "deletions": 0,
          "changes": 1
        },
        {
          "filename": "macos/Flutter/Flutter-Release.xcconfig",
          "status": "added",
          "additions": 1,
          "deletions": 0,
          "changes": 1
        },
        {
          "filename": "macos/Flutter/GeneratedPluginRegistrant.swift",
          "status": "added",
          "additions": 24,
          "deletions": 0,
          "changes": 24
        },
        {
          "filename": "macos/Runner.xcodeproj/project.pbxproj",
          "status": "added",
          "additions": 705,
          "deletions": 0,
          "changes": 705
        },
        {
          "filename": "macos/Runner.xcodeproj/project.xcworkspace/xcshareddata/IDEWorkspaceChecks.plist",
          "status": "added",
          "additions": 8,
          "deletions": 0,
          "changes": 8
        },
        {
          "filename": "macos/Runner.xcodeproj/xcshareddata/xcschemes/Runner.xcscheme",
          "status": "added",
          "additions": 99,
          "deletions": 0,
          "changes": 99
        },
        {
          "filename": "macos/Runner.xcworkspace/contents.xcworkspacedata",
          "status": "added",
          "additions": 7,
          "deletions": 0,
          "changes": 7
        },
        {
          "filename": "macos/Runner.xcworkspace/xcshareddata/IDEWorkspaceChecks.plist",
          "status": "added",
          "additions": 8,
          "deletions": 0,
          "changes": 8
        },
        {
          "filename": "macos/Runner/AppDelegate.swift",
          "status": "added",
          "additions": 13,
          "deletions": 0,
          "changes": 13
        },
        {
          "filename": "macos/Runner/Assets.xcassets/AppIcon.appiconset/Contents.json",
          "status": "added",
          "additions": 68,
          "deletions": 0,
          "changes": 68
        },
        {
          "filename": "macos/Runner/Assets.xcassets/AppIcon.appiconset/app_icon_1024.png",
          "status": "added",
          "additions": 0,
          "deletions": 0,
          "changes": 0
        },
        {
          "filename": "macos/Runner/Assets.xcassets/AppIcon.appiconset/app_icon_128.png",
          "status": "added",
          "additions": 0,
          "deletions": 0,
          "changes": 0
        },
        {
          "filename": "macos/Runner/Assets.xcassets/AppIcon.appiconset/app_icon_16.png",
          "status": "added",
          "additions": 0,
          "deletions": 0,
          "changes": 0
        },
        {
          "filename": "macos/Runner/Assets.xcassets/AppIcon.appiconset/app_icon_256.png",
          "status": "added",
          "additions": 0,
          "deletions": 0,
          "changes": 0
        },
        {
          "filename": "macos/Runner/Assets.xcassets/AppIcon.appiconset/app_icon_32.png",
          "status": "added",
          "additions": 0,
          "deletions": 0,
          "changes": 0
        },
        {
          "filename": "macos/Runner/Assets.xcassets/AppIcon.appiconset/app_icon_512.png",
          "status": "added",
          "additions": 0,
          "deletions": 0,
          "changes": 0
        },
        {
          "filename": "macos/Runner/Assets.xcassets/AppIcon.appiconset/app_icon_64.png",
          "status": "added",
          "additions": 0,
          "deletions": 0,
          "changes": 0
        },
        {
          "filename": "macos/Runner/Base.lproj/MainMenu.xib",
          "status": "added",
          "additions": 343,
          "deletions": 0,
          "changes": 343
        },
        {
          "filename": "macos/Runner/Configs/AppInfo.xcconfig",
          "status": "added",
          "additions": 14,
          "deletions": 0,
          "changes": 14
        },
        {
          "filename": "macos/Runner/Configs/Debug.xcconfig",
          "status": "added",
          "additions": 2,
          "deletions": 0,
          "changes": 2
        },
        {
          "filename": "macos/Runner/Configs/Release.xcconfig",
          "status": "added",
          "additions": 2,
          "deletions": 0,
          "changes": 2
        },
        {
          "filename": "macos/Runner/Configs/Warnings.xcconfig",
          "status": "added",
          "additions": 13,
          "deletions": 0,
          "changes": 13
        },
        {
          "filename": "macos/Runner/DebugProfile.entitlements",
          "status": "added",
          "additions": 12,
          "deletions": 0,
          "changes": 12
        },
        {
          "filename": "macos/Runner/Info.plist",
          "status": "added",
          "additions": 32,
          "deletions": 0,
          "changes": 32
        },
        {
          "filename": "macos/Runner/MainFlutterWindow.swift",
          "status": "added",
          "additions": 15,
          "deletions": 0,
          "changes": 15
        },
        {
          "filename": "macos/Runner/Release.entitlements",
          "status": "added",
          "additions": 8,
          "deletions": 0,
          "changes": 8
        },
        {
          "filename": "macos/RunnerTests/RunnerTests.swift",
          "status": "added",
          "additions": 12,
          "deletions": 0,
          "changes": 12
        },
        {
          "filename": "pubspec.lock",
          "status": "added",
          "additions": 978,
          "deletions": 0,
          "changes": 978
        },
        {
          "filename": "pubspec.yaml",
          "status": "added",
          "additions": 102,
          "deletions": 0,
          "changes": 102
        },
        {
          "filename": "test/widget_test.dart",
          "status": "added",
          "additions": 30,
          "deletions": 0,
          "changes": 30
        },
        {
          "filename": "web/favicon.png",
          "status": "added",
          "additions": 0,
          "deletions": 0,
          "changes": 0
        },
        {
          "filename": "web/icons/Icon-192.png",
          "status": "added",
          "additions": 0,
          "deletions": 0,
          "changes": 0
        },
        {
          "filename": "web/icons/Icon-512.png",
          "status": "added",
          "additions": 0,
          "deletions": 0,
          "changes": 0
        },
        {
          "filename": "web/icons/Icon-maskable-192.png",
          "status": "added",
          "additions": 0,
          "deletions": 0,
          "changes": 0
        },
        {
          "filename": "web/icons/Icon-maskable-512.png",
          "status": "added",
          "additions": 0,
          "deletions": 0,
          "changes": 0
        },
        {
          "filename": "web/index.html",
          "status": "added",
          "additions": 38,
          "deletions": 0,
          "changes": 38
        },
        {
          "filename": "web/manifest.json",
          "status": "added",
          "additions": 35,
          "deletions": 0,
          "changes": 35
        },
        {
          "filename": "windows/.gitignore",
          "status": "added",
          "additions": 17,
          "deletions": 0,
          "changes": 17
        },
        {
          "filename": "windows/CMakeLists.txt",
          "status": "added",
          "additions": 108,
          "deletions": 0,
          "changes": 108
        },
        {
          "filename": "windows/flutter/CMakeLists.txt",
          "status": "added",
          "additions": 109,
          "deletions": 0,
          "changes": 109
        },
        {
          "filename": "windows/flutter/generated_plugin_registrant.cc",
          "status": "added",
          "additions": 20,
          "deletions": 0,
          "changes": 20
        },
        {
          "filename": "windows/flutter/generated_plugin_registrant.h",
          "status": "added",
          "additions": 15,
          "deletions": 0,
          "changes": 15
        },
        {
          "filename": "windows/flutter/generated_plugins.cmake",
          "status": "added",
          "additions": 27,
          "deletions": 0,
          "changes": 27
        },
        {
          "filename": "windows/runner/CMakeLists.txt",
          "status": "added",
          "additions": 40,
          "deletions": 0,
          "changes": 40
        },
        {
          "filename": "windows/runner/Runner.rc",
          "status": "added",
          "additions": 121,
          "deletions": 0,
          "changes": 121
        },
        {
          "filename": "windows/runner/flutter_window.cpp",
          "status": "added",
          "additions": 71,
          "deletions": 0,
          "changes": 71
        },
        {
          "filename": "windows/runner/flutter_window.h",
          "status": "added",
          "additions": 33,
          "deletions": 0,
          "changes": 33
        },
        {
          "filename": "windows/runner/main.cpp",
          "status": "added",
          "additions": 43,
          "deletions": 0,
          "changes": 43
        },
        {
          "filename": "windows/runner/resource.h",
          "status": "added",
          "additions": 16,
          "deletions": 0,
          "changes": 16
        },
        {
          "filename": "windows/runner/resources/app_icon.ico",
          "status": "added",
          "additions": 0,
          "deletions": 0,
          "changes": 0
        },
        {
          "filename": "windows/runner/runner.exe.manifest",
          "status": "added",
          "additions": 14,
          "deletions": 0,
          "changes": 14
        },
        {
          "filename": "windows/runner/utils.cpp",
          "status": "added",
          "additions": 65,
          "deletions": 0,
          "changes": 65
        },
        {
          "filename": "windows/runner/utils.h",
          "status": "added",
          "additions": 19,
          "deletions": 0,
          "changes": 19
        },
        {
          "filename": "windows/runner/win32_window.cpp",
          "status": "added",
          "additions": 288,
          "deletions": 0,
          "changes": 288
        },
        {
          "filename": "windows/runner/win32_window.h",
          "status": "added",
          "additions": 102,
          "deletions": 0,
          "changes": 102
        }
      ]
    }
  ],
  "total_commits": 24,
  "metadata": {
    "collection_date": "2026-01-31T21:22:46.986285",
    "total_repositories": 1,
    "total_commits_collected": 24,
    "repositories_processed": [
      "VivekkumarChauhan/COHERENCE-25_Interpretrs_web-app"
    ],
    "filters_applied": {
      "date_from": null,
      "date_to": null,
      "authors": [],
      "teams": []
    }
  }
}