{
  "commits": [
    {
      "repository": {
        "name": "COHERENCE-25_Buri-Buri-Jaimons_AIML",
        "owner": "swarup1606",
        "url": "https://github.com/swarup1606/COHERENCE-25_Buri-Buri-Jaimons_AIML"
      },
      "commit": {
        "sha": "9190e57f7cf55894de8d2ab50dd5eb62fde4db0d",
        "message": "Merge remote changes with local project",
        "date": "2025-03-28T23:53:29+00:00",
        "url": "https://github.com/swarup1606/COHERENCE-25_Buri-Buri-Jaimons_AIML/commit/9190e57f7cf55894de8d2ab50dd5eb62fde4db0d",
        "branch": "main"
      },
      "author": {
        "name": "vaibhavnarute",
        "username": "vaibhavnarute",
        "email": "narutevaibhav95@gmail.com",
        "team": "unassigned"
      },
      "statistics": {
        "total_additions": 2602,
        "total_deletions": 1,
        "total_changes": 2603,
        "files_changed": 9
      },
      "file_changes": [
        {
          "filename": "App.tsx",
          "status": "added",
          "additions": 34,
          "deletions": 0,
          "changes": 34
        },
        {
          "filename": "Index.tsx",
          "status": "added",
          "additions": 900,
          "deletions": 0,
          "changes": 900
        },
        {
          "filename": "README.md",
          "status": "added",
          "additions": 2,
          "deletions": 0,
          "changes": 2
        },
        {
          "filename": "app.py",
          "status": "added",
          "additions": 376,
          "deletions": 0,
          "changes": 376
        },
        {
          "filename": "index.html",
          "status": "added",
          "additions": 251,
          "deletions": 0,
          "changes": 251
        },
        {
          "filename": "login.tsx",
          "status": "added",
          "additions": 274,
          "deletions": 0,
          "changes": 274
        },
        {
          "filename": "requirements.txt",
          "status": "modified",
          "additions": 11,
          "deletions": 1,
          "changes": 12
        },
        {
          "filename": "resumeAnalyzer.tsx",
          "status": "added",
          "additions": 527,
          "deletions": 0,
          "changes": 527
        },
        {
          "filename": "styles.css",
          "status": "added",
          "additions": 227,
          "deletions": 0,
          "changes": 227
        }
      ]
    },
    {
      "repository": {
        "name": "COHERENCE-25_Buri-Buri-Jaimons_AIML",
        "owner": "swarup1606",
        "url": "https://github.com/swarup1606/COHERENCE-25_Buri-Buri-Jaimons_AIML"
      },
      "commit": {
        "sha": "19245901d8bbc09e80d73b801422cc8508efe701",
        "message": "Initial commit of job prediction project",
        "date": "2025-03-28T23:51:27+00:00",
        "url": "https://github.com/swarup1606/COHERENCE-25_Buri-Buri-Jaimons_AIML/commit/19245901d8bbc09e80d73b801422cc8508efe701",
        "branch": "main"
      },
      "author": {
        "name": "vaibhavnarute",
        "username": "vaibhavnarute",
        "email": "narutevaibhav95@gmail.com",
        "team": "unassigned"
      },
      "statistics": {
        "total_additions": 9389,
        "total_deletions": 0,
        "total_changes": 9389,
        "files_changed": 36
      },
      "file_changes": [
        {
          "filename": "confusion_matrix.png",
          "status": "added",
          "additions": 0,
          "deletions": 0,
          "changes": 0
        },
        {
          "filename": "data/Salary_Data.csv",
          "status": "added",
          "additions": 1001,
          "deletions": 0,
          "changes": 1001
        },
        {
          "filename": "data/hiring_data.csv",
          "status": "added",
          "additions": 5001,
          "deletions": 0,
          "changes": 5001
        },
        {
          "filename": "feature_importance.png",
          "status": "added",
          "additions": 0,
          "deletions": 0,
          "changes": 0
        },
        {
          "filename": "model_comparison.png",
          "status": "added",
          "additions": 0,
          "deletions": 0,
          "changes": 0
        },
        {
          "filename": "models/preprocessor_basic.pkl",
          "status": "added",
          "additions": 0,
          "deletions": 0,
          "changes": 0
        },
        {
          "filename": "models/preprocessor_text.pkl",
          "status": "added",
          "additions": 0,
          "deletions": 0,
          "changes": 0
        },
        {
          "filename": "models/selector_basic.pkl",
          "status": "added",
          "additions": 0,
          "deletions": 0,
          "changes": 0
        },
        {
          "filename": "models/xgboost_basic.pkl",
          "status": "added",
          "additions": 0,
          "deletions": 0,
          "changes": 0
        },
        {
          "filename": "models/xgboost_basic_improved.pkl",
          "status": "added",
          "additions": 0,
          "deletions": 0,
          "changes": 0
        },
        {
          "filename": "models/xgboost_text.pkl",
          "status": "added",
          "additions": 0,
          "deletions": 0,
          "changes": 0
        },
        {
          "filename": "models/xgboost_text_improved.pkl",
          "status": "added",
          "additions": 0,
          "deletions": 0,
          "changes": 0
        },
        {
          "filename": "requirements.txt",
          "status": "added",
          "additions": 9,
          "deletions": 0,
          "changes": 9
        },
        {
          "filename": "src/__pycache__/data_preparation.cpython-313.pyc",
          "status": "added",
          "additions": 0,
          "deletions": 0,
          "changes": 0
        },
        {
          "filename": "src/__pycache__/salary_prediction.cpython-313.pyc",
          "status": "added",
          "additions": 0,
          "deletions": 0,
          "changes": 0
        },
        {
          "filename": "src/app.py",
          "status": "added",
          "additions": 571,
          "deletions": 0,
          "changes": 571
        },
        {
          "filename": "src/create_selector.py",
          "status": "added",
          "additions": 33,
          "deletions": 0,
          "changes": 33
        },
        {
          "filename": "src/dashboard.py",
          "status": "added",
          "additions": 208,
          "deletions": 0,
          "changes": 208
        },
        {
          "filename": "src/data_preparation.py",
          "status": "added",
          "additions": 160,
          "deletions": 0,
          "changes": 160
        },
        {
          "filename": "src/generate_data.py",
          "status": "added",
          "additions": 141,
          "deletions": 0,
          "changes": 141
        },
        {
          "filename": "src/generate_salary_data.py",
          "status": "added",
          "additions": 121,
          "deletions": 0,
          "changes": 121
        },
        {
          "filename": "src/model_evaluation.py",
          "status": "added",
          "additions": 176,
          "deletions": 0,
          "changes": 176
        },
        {
          "filename": "src/model_monitoring.py",
          "status": "added",
          "additions": 144,
          "deletions": 0,
          "changes": 144
        },
        {
          "filename": "src/model_training.py",
          "status": "added",
          "additions": 516,
          "deletions": 0,
          "changes": 516
        },
        {
          "filename": "src/predict.py",
          "status": "added",
          "additions": 174,
          "deletions": 0,
          "changes": 174
        },
        {
          "filename": "src/salary_prediction.py",
          "status": "added",
          "additions": 153,
          "deletions": 0,
          "changes": 153
        },
        {
          "filename": "src/save_selector.py",
          "status": "added",
          "additions": 52,
          "deletions": 0,
          "changes": 52
        },
        {
          "filename": "src/templates/index.html",
          "status": "added",
          "additions": 68,
          "deletions": 0,
          "changes": 68
        },
        {
          "filename": "src/templates/salary_form.html",
          "status": "added",
          "additions": 72,
          "deletions": 0,
          "changes": 72
        },
        {
          "filename": "src/templates/salary_result.html",
          "status": "added",
          "additions": 40,
          "deletions": 0,
          "changes": 40
        },
        {
          "filename": "src/train_salary_model.py",
          "status": "added",
          "additions": 312,
          "deletions": 0,
          "changes": 312
        },
        {
          "filename": "templates/error.html",
          "status": "added",
          "additions": 24,
          "deletions": 0,
          "changes": 24
        },
        {
          "filename": "templates/index.html",
          "status": "added",
          "additions": 68,
          "deletions": 0,
          "changes": 68
        },
        {
          "filename": "templates/result.html",
          "status": "added",
          "additions": 26,
          "deletions": 0,
          "changes": 26
        },
        {
          "filename": "templates/salary_form.html",
          "status": "added",
          "additions": 70,
          "deletions": 0,
          "changes": 70
        },
        {
          "filename": "templates/salary_result.html",
          "status": "added",
          "additions": 249,
          "deletions": 0,
          "changes": 249
        }
      ]
    }
  ],
  "total_commits": 2,
  "metadata": {
    "collection_date": "2026-01-31T21:25:36.068243",
    "total_repositories": 1,
    "total_commits_collected": 2,
    "repositories_processed": [
      "swarup1606/COHERENCE-25_Buri-Buri-Jaimons_AIML"
    ],
    "filters_applied": {
      "date_from": null,
      "date_to": null,
      "authors": [],
      "teams": []
    }
  }
}